filename,time(s),rmse,division_factor,maximum_correspondence_distance
pairwise_noise_xyz_level_01_01_rot_05,1.135465145111084,0.0019208797564818812,1.4,0.0025
pairwise_noise_xyz_level_01_01_rot_05,1.0845396518707275,0.003777829804519491,1.4,0.0050
pairwise_noise_xyz_level_01_01_rot_05,1.030452013015747,0.00671454667998761,1.4,0.0100
pairwise_noise_xyz_level_01_01_rot_05,1.0150783061981201,0.012934789195195332,1.4,0.0250
pairwise_noise_xyz_level_01_01_rot_05,1.0541841983795166,0.0018954089000268236,1.2,0.0025
pairwise_noise_xyz_level_01_01_rot_05,1.0640149116516113,0.003803275926783306,1.2,0.0050
pairwise_noise_xyz_level_01_01_rot_05,1.0189998149871826,0.006795771756771895,1.2,0.0100
pairwise_noise_xyz_level_01_01_rot_05,1.1904897689819336,0.012827982046520511,1.2,0.0250
pairwise_noise_xyz_level_01_01_rot_05,1.1547882556915283,0.0019682121752820046,1.0,0.0025
pairwise_noise_xyz_level_01_01_rot_05,1.1216895580291748,0.0037528322718781656,1.0,0.0050
pairwise_noise_xyz_level_01_01_rot_05,1.1754403114318848,0.0067278507636772305,1.0,0.0100
pairwise_noise_xyz_level_01_01_rot_05,1.3324792385101318,0.0128147550399731,1.0,0.0250
pairwise_noise_xyz_level_01_02_rot_05,1.1241354942321777,0.0019490829318364823,1.4,0.0025
pairwise_noise_xyz_level_01_02_rot_05,1.0700416564941406,0.0037849348320399415,1.4,0.0050
pairwise_noise_xyz_level_01_02_rot_05,1.0453083515167236,0.006982057914658991,1.4,0.0100
pairwise_noise_xyz_level_01_02_rot_05,1.0208868980407715,0.014830326169921578,1.4,0.0250
pairwise_noise_xyz_level_01_02_rot_05,1.104339599609375,0.0018462358886584052,1.2,0.0025
pairwise_noise_xyz_level_01_02_rot_05,1.1593499183654785,0.003833664816298063,1.2,0.0050
pairwise_noise_xyz_level_01_02_rot_05,1.2272932529449463,0.0069766804058467215,1.2,0.0100
pairwise_noise_xyz_level_01_02_rot_05,1.0698127746582031,0.014977969057592614,1.2,0.0250
pairwise_noise_xyz_level_01_02_rot_05,1.088986873626709,0.001962238194121575,1.0,0.0025
pairwise_noise_xyz_level_01_02_rot_05,1.1294262409210205,0.0037502833412661786,1.0,0.0050
pairwise_noise_xyz_level_01_02_rot_05,1.0676448345184326,0.006803668450092892,1.0,0.0100
pairwise_noise_xyz_level_01_02_rot_05,1.147794246673584,0.014739433605888039,1.0,0.0250
pairwise_noise_xyz_level_01_03_rot_05,0.7726144790649414,0.0018954417812939715,1.4,0.0025
pairwise_noise_xyz_level_01_03_rot_05,0.5654036998748779,0.0038032795969922873,1.4,0.0050
pairwise_noise_xyz_level_01_03_rot_05,0.53481125831604,0.00640162212695747,1.4,0.0100
pairwise_noise_xyz_level_01_03_rot_05,0.5487818717956543,0.013091188637077296,1.4,0.0250
pairwise_noise_xyz_level_01_03_rot_05,0.5252299308776855,0.0019520988076775615,1.2,0.0025
pairwise_noise_xyz_level_01_03_rot_05,0.5647196769714355,0.0037522315172193407,1.2,0.0050
pairwise_noise_xyz_level_01_03_rot_05,0.56732177734375,0.006535449753688494,1.2,0.0100
pairwise_noise_xyz_level_01_03_rot_05,0.5646367073059082,0.013689889458636606,1.2,0.0250
pairwise_noise_xyz_level_01_03_rot_05,0.5456123352050781,0.0019096821772025883,1.0,0.0025
pairwise_noise_xyz_level_01_03_rot_05,0.5903372764587402,0.0037523126787859223,1.0,0.0050
pairwise_noise_xyz_level_01_03_rot_05,0.5763688087463379,0.0065136293982698745,1.0,0.0100
pairwise_noise_xyz_level_01_03_rot_05,0.8293886184692383,0.013251386027706025,1.0,0.0250
pairwise_noise_xyz_level_01_04_rot_05,0.9993588924407959,0.0019881025957936994,1.4,0.0025
pairwise_noise_xyz_level_01_04_rot_05,0.9663593769073486,0.0039332662222069294,1.4,0.0050
pairwise_noise_xyz_level_01_04_rot_05,0.8406679630279541,0.006967504042459957,1.4,0.0100
pairwise_noise_xyz_level_01_04_rot_05,1.0627310276031494,0.01421488331731712,1.4,0.0250
pairwise_noise_xyz_level_01_04_rot_05,1.4560024738311768,0.0020407976328782732,1.2,0.0025
pairwise_noise_xyz_level_01_04_rot_05,1.3573698997497559,0.0038234899711098026,1.2,0.0050
pairwise_noise_xyz_level_01_04_rot_05,1.4674906730651855,0.006930436986381905,1.2,0.0100
pairwise_noise_xyz_level_01_04_rot_05,1.4043529033660889,0.014469738567117531,1.2,0.0250
pairwise_noise_xyz_level_01_04_rot_05,1.4357764720916748,0.0018562912412340182,1.0,0.0025
pairwise_noise_xyz_level_01_04_rot_05,1.3109238147735596,0.003763838709990964,1.0,0.0050
pairwise_noise_xyz_level_01_04_rot_05,1.4652702808380127,0.006945172571864257,1.0,0.0100
pairwise_noise_xyz_level_01_04_rot_05,1.324084758758545,0.014498019790704262,1.0,0.0250
pairwise_noise_xyz_level_01_05_rot_05,0.7332549095153809,0.001867806061832899,1.4,0.0025
pairwise_noise_xyz_level_01_05_rot_05,0.7100000381469727,0.0038052925037803114,1.4,0.0050
pairwise_noise_xyz_level_01_05_rot_05,0.6754703521728516,0.006866227053858867,1.4,0.0100
pairwise_noise_xyz_level_01_05_rot_05,0.6840577125549316,0.012441723873518388,1.4,0.0250
pairwise_noise_xyz_level_01_05_rot_05,0.7009997367858887,0.0019413858087059604,1.2,0.0025
pairwise_noise_xyz_level_01_05_rot_05,0.7021725177764893,0.003801106751536851,1.2,0.0050
pairwise_noise_xyz_level_01_05_rot_05,0.7131087779998779,0.006711446876225888,1.2,0.0100
pairwise_noise_xyz_level_01_05_rot_05,0.7295172214508057,0.01273121088487712,1.2,0.0250
pairwise_noise_xyz_level_01_05_rot_05,0.6989672183990479,0.0019522109667305413,1.0,0.0025
pairwise_noise_xyz_level_01_05_rot_05,0.7060036659240723,0.003761542781324938,1.0,0.0050
pairwise_noise_xyz_level_01_05_rot_05,0.749610185623169,0.006899283514829099,1.0,0.0100
pairwise_noise_xyz_level_01_05_rot_05,0.7174496650695801,0.01265006111813603,1.0,0.0250
pairwise_noise_xyz_level_01_06_rot_05,1.3654110431671143,0.0019494725916765555,1.4,0.0025
pairwise_noise_xyz_level_01_06_rot_05,1.393430471420288,0.003815553192088054,1.4,0.0050
pairwise_noise_xyz_level_01_06_rot_05,1.2964675426483154,0.006914297622763133,1.4,0.0100
pairwise_noise_xyz_level_01_06_rot_05,1.3707683086395264,0.012265191828559103,1.4,0.0250
pairwise_noise_xyz_level_01_06_rot_05,1.3379669189453125,0.001969927498348978,1.2,0.0025
pairwise_noise_xyz_level_01_06_rot_05,1.303999423980713,0.0038402093170904882,1.2,0.0050
pairwise_noise_xyz_level_01_06_rot_05,1.251999855041504,0.006995868606556774,1.2,0.0100
pairwise_noise_xyz_level_01_06_rot_05,1.3585879802703857,0.012365653306843994,1.2,0.0250
pairwise_noise_xyz_level_01_06_rot_05,1.4160432815551758,0.001937091464165761,1.0,0.0025
pairwise_noise_xyz_level_01_06_rot_05,1.5266075134277344,0.0038085340746111056,1.0,0.0050
pairwise_noise_xyz_level_01_06_rot_05,1.2999279499053955,0.006962290349496276,1.0,0.0100
pairwise_noise_xyz_level_01_06_rot_05,1.388817310333252,0.012713227421661985,1.0,0.0250
pairwise_noise_xyz_level_01_07_rot_05,1.1661856174468994,0.0019466040276524712,1.4,0.0025
pairwise_noise_xyz_level_01_07_rot_05,1.1820425987243652,0.003787445553264056,1.4,0.0050
pairwise_noise_xyz_level_01_07_rot_05,1.158611536026001,0.007177124227735288,1.4,0.0100
pairwise_noise_xyz_level_01_07_rot_05,1.1675629615783691,0.015103466321958055,1.4,0.0250
pairwise_noise_xyz_level_01_07_rot_05,1.2613813877105713,0.001952597497371915,1.2,0.0025
pairwise_noise_xyz_level_01_07_rot_05,1.291799783706665,0.003859895011727559,1.2,0.0050
pairwise_noise_xyz_level_01_07_rot_05,1.1760263442993164,0.007065468375773673,1.2,0.0100
pairwise_noise_xyz_level_01_07_rot_05,1.2454962730407715,0.01588687951319849,1.2,0.0250
pairwise_noise_xyz_level_01_07_rot_05,1.1510379314422607,0.002006998330722301,1.0,0.0025
pairwise_noise_xyz_level_01_07_rot_05,1.1112518310546875,0.003820726474871219,1.0,0.0050
pairwise_noise_xyz_level_01_07_rot_05,1.0880002975463867,0.007137642767404011,1.0,0.0100
pairwise_noise_xyz_level_01_07_rot_05,1.091362714767456,0.01447668665782693,1.0,0.0250
pairwise_noise_xyz_level_01_08_rot_05,0.5950005054473877,0.002004348432301251,1.4,0.0025
pairwise_noise_xyz_level_01_08_rot_05,0.6161656379699707,0.003845078092348595,1.4,0.0050
pairwise_noise_xyz_level_01_08_rot_05,0.6180002689361572,0.00705795996039143,1.4,0.0100
pairwise_noise_xyz_level_01_08_rot_05,0.6229991912841797,0.014061437184508028,1.4,0.0250
pairwise_noise_xyz_level_01_08_rot_05,0.6270196437835693,0.001963666605657847,1.2,0.0025
pairwise_noise_xyz_level_01_08_rot_05,0.6170001029968262,0.003857515731233118,1.2,0.0050
pairwise_noise_xyz_level_01_08_rot_05,0.6219480037689209,0.0070615160875225165,1.2,0.0100
pairwise_noise_xyz_level_01_08_rot_05,0.6159999370574951,0.014044879875281895,1.2,0.0250
pairwise_noise_xyz_level_01_08_rot_05,0.6200883388519287,0.001991837130246415,1.0,0.0025
pairwise_noise_xyz_level_01_08_rot_05,0.649381160736084,0.003788364133280249,1.0,0.0050
pairwise_noise_xyz_level_01_08_rot_05,0.6272752285003662,0.007090676700639993,1.0,0.0100
pairwise_noise_xyz_level_01_08_rot_05,0.6190001964569092,0.014208000057317044,1.0,0.0250
pairwise_noise_xyz_level_01_09_rot_05,0.5639984607696533,0.0019228403480629106,1.4,0.0025
pairwise_noise_xyz_level_01_09_rot_05,0.5877771377563477,0.0037947553482744257,1.4,0.0050
pairwise_noise_xyz_level_01_09_rot_05,0.5916132926940918,0.006819410405787925,1.4,0.0100
pairwise_noise_xyz_level_01_09_rot_05,0.5920004844665527,0.014663337252499329,1.4,0.0250
pairwise_noise_xyz_level_01_09_rot_05,0.5895352363586426,0.0019400208452472496,1.2,0.0025
pairwise_noise_xyz_level_01_09_rot_05,0.5980000495910645,0.0037837936901088834,1.2,0.0050
pairwise_noise_xyz_level_01_09_rot_05,0.5859994888305664,0.006834784760577932,1.2,0.0100
pairwise_noise_xyz_level_01_09_rot_05,0.5913786888122559,0.0145531774796043,1.2,0.0250
pairwise_noise_xyz_level_01_09_rot_05,0.6510009765625,0.0018917684650902255,1.0,0.0025
pairwise_noise_xyz_level_01_09_rot_05,0.614863395690918,0.0038117018867440304,1.0,0.0050
pairwise_noise_xyz_level_01_09_rot_05,0.592595100402832,0.006876101565472938,1.0,0.0100
pairwise_noise_xyz_level_01_09_rot_05,0.5951957702636719,0.014991309523304658,1.0,0.0250
pairwise_noise_xyz_level_01_10_rot_05,1.266998529434204,0.0018988668139761139,1.4,0.0025
pairwise_noise_xyz_level_01_10_rot_05,1.3294034004211426,0.003790446630018512,1.4,0.0050
pairwise_noise_xyz_level_01_10_rot_05,1.3229997158050537,0.006885643559576677,1.4,0.0100
pairwise_noise_xyz_level_01_10_rot_05,1.3270001411437988,0.010439950913554433,1.4,0.0250
pairwise_noise_xyz_level_01_10_rot_05,1.3362994194030762,0.0019402974054214875,1.2,0.0025
pairwise_noise_xyz_level_01_10_rot_05,1.3390004634857178,0.0038228446395012763,1.2,0.0050
pairwise_noise_xyz_level_01_10_rot_05,1.341001272201538,0.006897124000357905,1.2,0.0100
pairwise_noise_xyz_level_01_10_rot_05,1.318589687347412,0.00971670018759564,1.2,0.0250
pairwise_noise_xyz_level_01_10_rot_05,1.3362486362457275,0.00192619293968845,1.0,0.0025
pairwise_noise_xyz_level_01_10_rot_05,1.338000774383545,0.0038199260311275875,1.0,0.0050
pairwise_noise_xyz_level_01_10_rot_05,1.3330004215240479,0.006916173468170771,1.0,0.0100
pairwise_noise_xyz_level_01_10_rot_05,1.3454325199127197,0.009597306777996351,1.0,0.0250
pairwise_noise_xyz_level_01_11_rot_05,1.2310006618499756,0.0019230118636487437,1.4,0.0025
pairwise_noise_xyz_level_01_11_rot_05,1.2321345806121826,0.003834178284618442,1.4,0.0050
pairwise_noise_xyz_level_01_11_rot_05,1.2285010814666748,0.007051432554724587,1.4,0.0100
pairwise_noise_xyz_level_01_11_rot_05,1.2690949440002441,0.014658487010486245,1.4,0.0250
pairwise_noise_xyz_level_01_11_rot_05,1.2764666080474854,0.001911960854052976,1.2,0.0025
pairwise_noise_xyz_level_01_11_rot_05,1.253760576248169,0.0037797754146213754,1.2,0.0050
pairwise_noise_xyz_level_01_11_rot_05,1.2420003414154053,0.007167638469328145,1.2,0.0100
pairwise_noise_xyz_level_01_11_rot_05,1.250000238418579,0.01456755129115377,1.2,0.0250
pairwise_noise_xyz_level_01_11_rot_05,1.24399995803833,0.002028493367748331,1.0,0.0025
pairwise_noise_xyz_level_01_11_rot_05,1.245999813079834,0.0037261982844733984,1.0,0.0050
pairwise_noise_xyz_level_01_11_rot_05,1.2310001850128174,0.006939362128416799,1.0,0.0100
pairwise_noise_xyz_level_01_11_rot_05,1.3282442092895508,0.014300114738504144,1.0,0.0250
pairwise_noise_xyz_level_01_12_rot_05,1.078000545501709,0.0018954382541860589,1.4,0.0025
pairwise_noise_xyz_level_01_12_rot_05,1.1030001640319824,0.00378710406087853,1.4,0.0050
pairwise_noise_xyz_level_01_12_rot_05,1.065999984741211,0.006916627254759259,1.4,0.0100
pairwise_noise_xyz_level_01_12_rot_05,1.1457016468048096,0.013644228371077163,1.4,0.0250
pairwise_noise_xyz_level_01_12_rot_05,1.1119999885559082,0.001908455132367263,1.2,0.0025
pairwise_noise_xyz_level_01_12_rot_05,1.1069998741149902,0.003781048161234534,1.2,0.0050
pairwise_noise_xyz_level_01_12_rot_05,1.1070003509521484,0.00688455636053038,1.2,0.0100
pairwise_noise_xyz_level_01_12_rot_05,1.112523078918457,0.013025114642479333,1.2,0.0250
pairwise_noise_xyz_level_01_12_rot_05,1.1106500625610352,0.0019405325433543199,1.0,0.0025
pairwise_noise_xyz_level_01_12_rot_05,1.0750000476837158,0.003812153143143626,1.0,0.0050
pairwise_noise_xyz_level_01_12_rot_05,1.1695809364318848,0.0068959960569158485,1.0,0.0100
pairwise_noise_xyz_level_01_12_rot_05,1.2130000591278076,0.013398807130759631,1.0,0.0250
pairwise_noise_xyz_level_01_13_rot_05,1.0625519752502441,0.0019541486428551274,1.4,0.0025
pairwise_noise_xyz_level_01_13_rot_05,1.014000415802002,0.0038336139769579868,1.4,0.0050
pairwise_noise_xyz_level_01_13_rot_05,1.0199999809265137,0.006791029084033897,1.4,0.0100
pairwise_noise_xyz_level_01_13_rot_05,1.013345718383789,0.012918607030387318,1.4,0.0250
pairwise_noise_xyz_level_01_13_rot_05,1.0080556869506836,0.0019165778510675817,1.2,0.0025
pairwise_noise_xyz_level_01_13_rot_05,1.0337390899658203,0.0037705864514913545,1.2,0.0050
pairwise_noise_xyz_level_01_13_rot_05,1.2838630676269531,0.006780541991160685,1.2,0.0100
pairwise_noise_xyz_level_01_13_rot_05,1.0352535247802734,0.013062850200364216,1.2,0.0250
pairwise_noise_xyz_level_01_13_rot_05,1.003000020980835,0.0019545860494921893,1.0,0.0025
pairwise_noise_xyz_level_01_13_rot_05,1.0235941410064697,0.0038043456879558596,1.0,0.0050
pairwise_noise_xyz_level_01_13_rot_05,1.0159997940063477,0.006712127583194763,1.0,0.0100
pairwise_noise_xyz_level_01_13_rot_05,1.0000064373016357,0.013480757031426135,1.0,0.0250
pairwise_noise_xyz_level_01_14_rot_05,1.1073455810546875,0.0018773039061277979,1.4,0.0025
pairwise_noise_xyz_level_01_14_rot_05,1.1073744297027588,0.003810066849614199,1.4,0.0050
pairwise_noise_xyz_level_01_14_rot_05,1.1092419624328613,0.006926967856255434,1.4,0.0100
pairwise_noise_xyz_level_01_14_rot_05,1.1050000190734863,0.014525101493304767,1.4,0.0250
pairwise_noise_xyz_level_01_14_rot_05,1.0939998626708984,0.0019223367725539323,1.2,0.0025
pairwise_noise_xyz_level_01_14_rot_05,1.1121184825897217,0.0038560148741565883,1.2,0.0050
pairwise_noise_xyz_level_01_14_rot_05,1.096999168395996,0.007014780280359056,1.2,0.0100
pairwise_noise_xyz_level_01_14_rot_05,1.0999996662139893,0.014308785566535408,1.2,0.0250
pairwise_noise_xyz_level_01_14_rot_05,1.0832488536834717,0.001965169781577914,1.0,0.0025
pairwise_noise_xyz_level_01_14_rot_05,1.0890004634857178,0.0037540097104958314,1.0,0.0050
pairwise_noise_xyz_level_01_14_rot_05,1.0839998722076416,0.006946241400315488,1.0,0.0100
pairwise_noise_xyz_level_01_14_rot_05,1.0874803066253662,0.014465872105171496,1.0,0.0250
pairwise_noise_xyz_level_01_15_rot_05,1.1225168704986572,0.0019528658926373976,1.4,0.0025
pairwise_noise_xyz_level_01_15_rot_05,1.1785790920257568,0.0037958657796615075,1.4,0.0050
pairwise_noise_xyz_level_01_15_rot_05,1.1538286209106445,0.00684949722681579,1.4,0.0100
pairwise_noise_xyz_level_01_15_rot_05,1.233088493347168,0.012984470897144586,1.4,0.0250
pairwise_noise_xyz_level_01_15_rot_05,1.1491940021514893,0.0019266160738918745,1.2,0.0025
pairwise_noise_xyz_level_01_15_rot_05,1.1449999809265137,0.0037940353165614874,1.2,0.0050
pairwise_noise_xyz_level_01_15_rot_05,1.1299989223480225,0.006878590120348186,1.2,0.0100
pairwise_noise_xyz_level_01_15_rot_05,1.1443686485290527,0.013082182892025613,1.2,0.0250
pairwise_noise_xyz_level_01_15_rot_05,1.141000747680664,0.0018952578467326714,1.0,0.0025
pairwise_noise_xyz_level_01_15_rot_05,1.1542329788208008,0.0038061110228108466,1.0,0.0050
pairwise_noise_xyz_level_01_15_rot_05,1.1476995944976807,0.006882307365111759,1.0,0.0100
pairwise_noise_xyz_level_01_15_rot_05,1.1516356468200684,0.013048636662753457,1.0,0.0250
pairwise_noise_xyz_level_01_16_rot_05,1.374000072479248,0.0018762107567889715,1.4,0.0025
pairwise_noise_xyz_level_01_16_rot_05,1.5724601745605469,0.0038110307739322564,1.4,0.0050
pairwise_noise_xyz_level_01_16_rot_05,1.4706768989562988,0.006800989189512873,1.4,0.0100
pairwise_noise_xyz_level_01_16_rot_05,1.4630000591278076,0.009352422290164595,1.4,0.0250
pairwise_noise_xyz_level_01_16_rot_05,1.446277379989624,0.0019318004997351192,1.2,0.0025
pairwise_noise_xyz_level_01_16_rot_05,1.4559993743896484,0.003794855595041064,1.2,0.0050
pairwise_noise_xyz_level_01_16_rot_05,1.4649996757507324,0.006787409765339968,1.2,0.0100
pairwise_noise_xyz_level_01_16_rot_05,1.4570002555847168,0.009184454602040955,1.2,0.0250
pairwise_noise_xyz_level_01_16_rot_05,1.439119815826416,0.0019172945365508226,1.0,0.0025
pairwise_noise_xyz_level_01_16_rot_05,1.4351472854614258,0.003806709851151852,1.0,0.0050
pairwise_noise_xyz_level_01_16_rot_05,1.4339993000030518,0.006775384162088399,1.0,0.0100
pairwise_noise_xyz_level_01_16_rot_05,1.498000144958496,0.009219896297844239,1.0,0.0250
pairwise_noise_xyz_level_01_17_rot_05,1.6949982643127441,0.0019416973517927501,1.4,0.0025
pairwise_noise_xyz_level_01_17_rot_05,1.7741315364837646,0.00381653877068193,1.4,0.0050
pairwise_noise_xyz_level_01_17_rot_05,1.7970001697540283,0.0071456826647709835,1.4,0.0100
pairwise_noise_xyz_level_01_17_rot_05,1.8830132484436035,0.01315734891135672,1.4,0.0250
pairwise_noise_xyz_level_01_17_rot_05,1.7789385318756104,0.0018986046992221298,1.2,0.0025
pairwise_noise_xyz_level_01_17_rot_05,1.7377071380615234,0.003856394766584115,1.2,0.0050
pairwise_noise_xyz_level_01_17_rot_05,1.8477199077606201,0.007186328320101403,1.2,0.0100
pairwise_noise_xyz_level_01_17_rot_05,1.7779996395111084,0.012921992885515274,1.2,0.0250
pairwise_noise_xyz_level_01_17_rot_05,1.7769310474395752,0.0019711437726514422,1.0,0.0025
pairwise_noise_xyz_level_01_17_rot_05,1.7690000534057617,0.003839859516879562,1.0,0.0050
pairwise_noise_xyz_level_01_17_rot_05,1.7672810554504395,0.007174145944472032,1.0,0.0100
pairwise_noise_xyz_level_01_17_rot_05,1.7820606231689453,0.012940409318073238,1.0,0.0250
pairwise_noise_xyz_level_01_18_rot_05,1.1604039669036865,0.0018977038720111542,1.4,0.0025
pairwise_noise_xyz_level_01_18_rot_05,1.2100000381469727,0.003858576049893542,1.4,0.0050
pairwise_noise_xyz_level_01_18_rot_05,1.2189996242523193,0.0070800546433132635,1.4,0.0100
pairwise_noise_xyz_level_01_18_rot_05,1.2050001621246338,0.014643374292072004,1.4,0.0250
pairwise_noise_xyz_level_01_18_rot_05,1.1909997463226318,0.001860898580965721,1.2,0.0025
pairwise_noise_xyz_level_01_18_rot_05,1.1850001811981201,0.003855187539722261,1.2,0.0050
pairwise_noise_xyz_level_01_18_rot_05,1.171999216079712,0.007127544991005867,1.2,0.0100
pairwise_noise_xyz_level_01_18_rot_05,1.191122055053711,0.014791218399210488,1.2,0.0250
pairwise_noise_xyz_level_01_18_rot_05,1.202045202255249,0.002025840705261388,1.0,0.0025
pairwise_noise_xyz_level_01_18_rot_05,1.2149107456207275,0.0038172523208025878,1.0,0.0050
pairwise_noise_xyz_level_01_18_rot_05,1.1913337707519531,0.007087676079106674,1.0,0.0100
pairwise_noise_xyz_level_01_18_rot_05,1.1890003681182861,0.014842237622543535,1.0,0.0250
pairwise_noise_xyz_level_01_19_rot_05,1.7631840705871582,0.0018791251669796139,1.4,0.0025
pairwise_noise_xyz_level_01_19_rot_05,1.8681950569152832,0.0037910470158813974,1.4,0.0050
pairwise_noise_xyz_level_01_19_rot_05,1.8439998626708984,0.00700550619926944,1.4,0.0100
pairwise_noise_xyz_level_01_19_rot_05,1.8325965404510498,0.012163786792750089,1.4,0.0250
pairwise_noise_xyz_level_01_19_rot_05,1.8880000114440918,0.0019462942341159919,1.2,0.0025
pairwise_noise_xyz_level_01_19_rot_05,1.8510000705718994,0.0038360854489466662,1.2,0.0050
pairwise_noise_xyz_level_01_19_rot_05,1.8691184520721436,0.007078058599828025,1.2,0.0100
pairwise_noise_xyz_level_01_19_rot_05,1.8320002555847168,0.011254697234990485,1.2,0.0250
pairwise_noise_xyz_level_01_19_rot_05,1.8259992599487305,0.0019093894371992953,1.0,0.0025
pairwise_noise_xyz_level_01_19_rot_05,1.8640003204345703,0.0038261731067121725,1.0,0.0050
pairwise_noise_xyz_level_01_19_rot_05,1.8430001735687256,0.007046928957397696,1.0,0.0100
pairwise_noise_xyz_level_01_19_rot_05,1.845310926437378,0.012440871049907485,1.0,0.0250
pairwise_noise_xyz_level_01_20_rot_05,1.7772748470306396,0.0019726968491692106,1.4,0.0025
pairwise_noise_xyz_level_01_20_rot_05,1.8459997177124023,0.003794138256958858,1.4,0.0050
pairwise_noise_xyz_level_01_20_rot_05,1.798250675201416,0.006880962509682827,1.4,0.0100
pairwise_noise_xyz_level_01_20_rot_05,1.8060002326965332,0.013124842369198444,1.4,0.0250
pairwise_noise_xyz_level_01_20_rot_05,1.7826082706451416,0.0019489350046785028,1.2,0.0025
pairwise_noise_xyz_level_01_20_rot_05,1.886845350265503,0.0037704292288530264,1.2,0.0050
pairwise_noise_xyz_level_01_20_rot_05,1.8160006999969482,0.006925158636329946,1.2,0.0100
pairwise_noise_xyz_level_01_20_rot_05,1.78623628616333,0.013678126462189346,1.2,0.0250
pairwise_noise_xyz_level_01_20_rot_05,1.8050003051757812,0.001964830585722707,1.0,0.0025
pairwise_noise_xyz_level_01_20_rot_05,1.7740249633789062,0.0038074484060455767,1.0,0.0050
pairwise_noise_xyz_level_01_20_rot_05,1.7983205318450928,0.0069045779434620605,1.0,0.0100
pairwise_noise_xyz_level_01_20_rot_05,1.8440461158752441,0.013811051283936221,1.0,0.0250
pairwise_noise_xyz_level_01_21_rot_05,1.1460604667663574,0.0018924509222121042,1.4,0.0025
pairwise_noise_xyz_level_01_21_rot_05,1.1426570415496826,0.003766495441608771,1.4,0.0050
pairwise_noise_xyz_level_01_21_rot_05,1.1548805236816406,0.0067107313010345325,1.4,0.0100
pairwise_noise_xyz_level_01_21_rot_05,1.154123067855835,0.014417441968246042,1.4,0.0250
pairwise_noise_xyz_level_01_21_rot_05,1.174118995666504,0.0020175102597445468,1.2,0.0025
pairwise_noise_xyz_level_01_21_rot_05,1.167527675628662,0.0038564528986890323,1.2,0.0050
pairwise_noise_xyz_level_01_21_rot_05,1.1629998683929443,0.006726246481757017,1.2,0.0100
pairwise_noise_xyz_level_01_21_rot_05,1.1489999294281006,0.01479701807418742,1.2,0.0250
pairwise_noise_xyz_level_01_21_rot_05,1.1473314762115479,0.0018845798320351772,1.0,0.0025
pairwise_noise_xyz_level_01_21_rot_05,1.156999111175537,0.0039039662924931088,1.0,0.0050
pairwise_noise_xyz_level_01_21_rot_05,1.1473073959350586,0.006759907891330716,1.0,0.0100
pairwise_noise_xyz_level_01_21_rot_05,1.2025365829467773,0.014498269792699634,1.0,0.0250
pairwise_noise_xyz_level_01_22_rot_05,0.7840003967285156,0.00195566981509142,1.4,0.0025
pairwise_noise_xyz_level_01_22_rot_05,0.8671286106109619,0.0037471471907007973,1.4,0.0050
pairwise_noise_xyz_level_01_22_rot_05,0.869999885559082,0.007009755747731683,1.4,0.0100
pairwise_noise_xyz_level_01_22_rot_05,1.0343818664550781,0.014754039291156297,1.4,0.0250
pairwise_noise_xyz_level_01_22_rot_05,0.8951253890991211,0.0019292447612860486,1.2,0.0025
pairwise_noise_xyz_level_01_22_rot_05,0.8742482662200928,0.0037301035748521835,1.2,0.0050
pairwise_noise_xyz_level_01_22_rot_05,0.739999532699585,0.006956559066703736,1.2,0.0100
pairwise_noise_xyz_level_01_22_rot_05,0.7870004177093506,0.01452401001715247,1.2,0.0250
pairwise_noise_xyz_level_01_22_rot_05,0.7759997844696045,0.0019293150662582294,1.0,0.0025
pairwise_noise_xyz_level_01_22_rot_05,0.7981750965118408,0.003848210302136951,1.0,0.0050
pairwise_noise_xyz_level_01_22_rot_05,0.8176116943359375,0.0069432259049662225,1.0,0.0100
pairwise_noise_xyz_level_01_22_rot_05,0.7680003643035889,0.01540601983941189,1.0,0.0250
pairwise_noise_xyz_level_01_23_rot_05,0.6895632743835449,0.0019921388357557867,1.4,0.0025
pairwise_noise_xyz_level_01_23_rot_05,0.6699998378753662,0.0038333568004907297,1.4,0.0050
pairwise_noise_xyz_level_01_23_rot_05,0.6899998188018799,0.007088625255386904,1.4,0.0100
pairwise_noise_xyz_level_01_23_rot_05,0.7030007839202881,0.014109803076442596,1.4,0.0250
pairwise_noise_xyz_level_01_23_rot_05,0.6939992904663086,0.001847175342115935,1.2,0.0025
pairwise_noise_xyz_level_01_23_rot_05,0.6440002918243408,0.0037799648667610534,1.2,0.0050
pairwise_noise_xyz_level_01_23_rot_05,0.6620001792907715,0.007128616762702246,1.2,0.0100
pairwise_noise_xyz_level_01_23_rot_05,0.6699995994567871,0.014245794116815305,1.2,0.0250
pairwise_noise_xyz_level_01_23_rot_05,0.6490004062652588,0.0018925784998084926,1.0,0.0025
pairwise_noise_xyz_level_01_23_rot_05,0.7200002670288086,0.0038505383283481257,1.0,0.0050
pairwise_noise_xyz_level_01_23_rot_05,0.7257790565490723,0.007129642432477792,1.0,0.0100
pairwise_noise_xyz_level_01_23_rot_05,0.684999942779541,0.014045213287530908,1.0,0.0250
pairwise_noise_xyz_level_01_24_rot_05,0.471219539642334,0.001961598400746031,1.4,0.0025
pairwise_noise_xyz_level_01_24_rot_05,0.5460000038146973,0.003931105413413852,1.4,0.0050
pairwise_noise_xyz_level_01_24_rot_05,0.5234854221343994,0.00712270081163263,1.4,0.0100
pairwise_noise_xyz_level_01_24_rot_05,0.6192002296447754,0.015527063192166493,1.4,0.0250
pairwise_noise_xyz_level_01_24_rot_05,0.5683231353759766,0.001865844337217782,1.2,0.0025
pairwise_noise_xyz_level_01_24_rot_05,0.5220308303833008,0.0037683356726953185,1.2,0.0050
pairwise_noise_xyz_level_01_24_rot_05,0.5865328311920166,0.007082517929868308,1.2,0.0100
pairwise_noise_xyz_level_01_24_rot_05,0.5487935543060303,0.015565634563734705,1.2,0.0250
pairwise_noise_xyz_level_01_24_rot_05,0.5696506500244141,0.001913841370384962,1.0,0.0025
pairwise_noise_xyz_level_01_24_rot_05,0.7497057914733887,0.003915004057377898,1.0,0.0050
pairwise_noise_xyz_level_01_24_rot_05,1.0389132499694824,0.007003628992018489,1.0,0.0100
pairwise_noise_xyz_level_01_24_rot_05,0.9819662570953369,0.01526389933824154,1.0,0.0250
pairwise_noise_xyz_level_01_25_rot_05,1.1214957237243652,0.0019140786874172222,1.4,0.0025
pairwise_noise_xyz_level_01_25_rot_05,0.9999051094055176,0.0038056555681574393,1.4,0.0050
pairwise_noise_xyz_level_01_25_rot_05,1.2895846366882324,0.006807971352137541,1.4,0.0100
pairwise_noise_xyz_level_01_25_rot_05,1.144313097000122,0.015148945446677843,1.4,0.0250
pairwise_noise_xyz_level_01_25_rot_05,1.1037507057189941,0.00196935572058295,1.2,0.0025
pairwise_noise_xyz_level_01_25_rot_05,1.3584766387939453,0.0037291927338957394,1.2,0.0050
pairwise_noise_xyz_level_01_25_rot_05,1.274777889251709,0.006805304659884857,1.2,0.0100
pairwise_noise_xyz_level_01_25_rot_05,1.1402833461761475,0.015028291027594945,1.2,0.0250
pairwise_noise_xyz_level_01_25_rot_05,1.1284546852111816,0.0018976073789096506,1.0,0.0025
pairwise_noise_xyz_level_01_25_rot_05,1.2504322528839111,0.0037956454943585357,1.0,0.0050
pairwise_noise_xyz_level_01_25_rot_05,1.1303527355194092,0.006787726472322264,1.0,0.0100
pairwise_noise_xyz_level_01_25_rot_05,1.5895650386810303,0.015166297011522396,1.0,0.0250
pairwise_noise_xyz_level_02_01_rot_05,2.635265827178955,0.0019347191538387923,1.4,0.0025
pairwise_noise_xyz_level_02_01_rot_05,2.094914674758911,0.0038389275619753306,1.4,0.0050
pairwise_noise_xyz_level_02_01_rot_05,2.060392379760742,0.007192817805446793,1.4,0.0100
pairwise_noise_xyz_level_02_01_rot_05,2.0777862071990967,0.01328830330107717,1.4,0.0250
pairwise_noise_xyz_level_02_01_rot_05,2.0911331176757812,0.0018772812098173752,1.2,0.0025
pairwise_noise_xyz_level_02_01_rot_05,2.2035484313964844,0.0038424241114549808,1.2,0.0050
pairwise_noise_xyz_level_02_01_rot_05,2.202275276184082,0.00711218103341922,1.2,0.0100
pairwise_noise_xyz_level_02_01_rot_05,2.578612804412842,0.01330748755390557,1.2,0.0250
pairwise_noise_xyz_level_02_01_rot_05,2.353323459625244,0.001916778375586211,1.0,0.0025
pairwise_noise_xyz_level_02_01_rot_05,2.319260835647583,0.003802382267238103,1.0,0.0050
pairwise_noise_xyz_level_02_01_rot_05,2.3447365760803223,0.007172342765588383,1.0,0.0100
pairwise_noise_xyz_level_02_01_rot_05,2.265146255493164,0.013411174440771414,1.0,0.0250
pairwise_noise_xyz_level_02_02_rot_05,2.04179310798645,0.0017988117705056898,1.4,0.0025
pairwise_noise_xyz_level_02_02_rot_05,2.0462727546691895,0.003756632630669479,1.4,0.0050
pairwise_noise_xyz_level_02_02_rot_05,3.78328013420105,0.007327393205037339,1.4,0.0100
pairwise_noise_xyz_level_02_02_rot_05,3.178194284439087,0.014469425847736885,1.4,0.0250
pairwise_noise_xyz_level_02_02_rot_05,2.08441162109375,0.0019892835979675606,1.2,0.0025
pairwise_noise_xyz_level_02_02_rot_05,2.193171262741089,0.0037824849127372035,1.2,0.0050
pairwise_noise_xyz_level_02_02_rot_05,2.041271686553955,0.00734267974156015,1.2,0.0100
pairwise_noise_xyz_level_02_02_rot_05,2.1089248657226562,0.014420109523220849,1.2,0.0250
pairwise_noise_xyz_level_02_02_rot_05,2.1700799465179443,0.0019730266165290788,1.0,0.0025
pairwise_noise_xyz_level_02_02_rot_05,1.986250638961792,0.0037555873618634397,1.0,0.0050
pairwise_noise_xyz_level_02_02_rot_05,1.939000129699707,0.007228619963102204,1.0,0.0100
pairwise_noise_xyz_level_02_02_rot_05,1.9327380657196045,0.014200136096036237,1.0,0.0250
pairwise_noise_xyz_level_02_03_rot_05,1.032982587814331,0.001823545843856617,1.4,0.0025
pairwise_noise_xyz_level_02_03_rot_05,1.0879995822906494,0.003830729274738667,1.4,0.0050
pairwise_noise_xyz_level_02_03_rot_05,1.1383438110351562,0.006908965018021385,1.4,0.0100
pairwise_noise_xyz_level_02_03_rot_05,1.2179999351501465,0.013665715659082523,1.4,0.0250
pairwise_noise_xyz_level_02_03_rot_05,1.2248005867004395,0.001973555854356586,1.2,0.0025
pairwise_noise_xyz_level_02_03_rot_05,1.29850172996521,0.003919843454749491,1.2,0.0050
pairwise_noise_xyz_level_02_03_rot_05,1.2970001697540283,0.006839927620985514,1.2,0.0100
pairwise_noise_xyz_level_02_03_rot_05,1.2405121326446533,0.013236817984646251,1.2,0.0250
pairwise_noise_xyz_level_02_03_rot_05,1.1765260696411133,0.0018509024252945398,1.0,0.0025
pairwise_noise_xyz_level_02_03_rot_05,1.2202606201171875,0.003820532892722103,1.0,0.0050
pairwise_noise_xyz_level_02_03_rot_05,1.1261603832244873,0.006886093715477426,1.0,0.0100
pairwise_noise_xyz_level_02_03_rot_05,1.0947623252868652,0.01373350904161168,1.0,0.0250
pairwise_noise_xyz_level_02_04_rot_05,1.3238680362701416,0.0019948186223718075,1.4,0.0025
pairwise_noise_xyz_level_02_04_rot_05,1.2464725971221924,0.003823551310446947,1.4,0.0050
pairwise_noise_xyz_level_02_04_rot_05,1.2295446395874023,0.007103484748685709,1.4,0.0100
pairwise_noise_xyz_level_02_04_rot_05,1.2648837566375732,0.013970038856140635,1.4,0.0250
pairwise_noise_xyz_level_02_04_rot_05,1.9072685241699219,0.0020703901448063024,1.2,0.0025
pairwise_noise_xyz_level_02_04_rot_05,1.9058992862701416,0.0037572624678572,1.2,0.0050
pairwise_noise_xyz_level_02_04_rot_05,2.0759613513946533,0.0071390782907135575,1.2,0.0100
pairwise_noise_xyz_level_02_04_rot_05,1.990455150604248,0.014205058766792985,1.2,0.0250
pairwise_noise_xyz_level_02_04_rot_05,2.0816333293914795,0.0018711097835112038,1.0,0.0025
pairwise_noise_xyz_level_02_04_rot_05,2.055497407913208,0.0037954776853041028,1.0,0.0050
pairwise_noise_xyz_level_02_04_rot_05,2.204979419708252,0.00706242253790568,1.0,0.0100
pairwise_noise_xyz_level_02_04_rot_05,2.8293368816375732,0.01400019328595243,1.0,0.0250
pairwise_noise_xyz_level_02_05_rot_05,2.065699815750122,0.0019042899303161461,1.4,0.0025
pairwise_noise_xyz_level_02_05_rot_05,1.6060328483581543,0.0038261401247187345,1.4,0.0050
pairwise_noise_xyz_level_02_05_rot_05,1.6252405643463135,0.007120435380128222,1.4,0.0100
pairwise_noise_xyz_level_02_05_rot_05,1.6113367080688477,0.01280944196241598,1.4,0.0250
pairwise_noise_xyz_level_02_05_rot_05,1.7368061542510986,0.0019467098227294232,1.2,0.0025
pairwise_noise_xyz_level_02_05_rot_05,1.7017102241516113,0.0038697531556755494,1.2,0.0050
pairwise_noise_xyz_level_02_05_rot_05,1.6646955013275146,0.007153731951897195,1.2,0.0100
pairwise_noise_xyz_level_02_05_rot_05,1.6596946716308594,0.01274198839525525,1.2,0.0250
pairwise_noise_xyz_level_02_05_rot_05,1.578202724456787,0.001996335869784277,1.0,0.0025
pairwise_noise_xyz_level_02_05_rot_05,1.7836625576019287,0.0038595085812260232,1.0,0.0050
pairwise_noise_xyz_level_02_05_rot_05,1.6180508136749268,0.007021627890606416,1.0,0.0100
pairwise_noise_xyz_level_02_05_rot_05,2.002880096435547,0.013133137156301138,1.0,0.0250
pairwise_noise_xyz_level_02_06_rot_05,2.378955602645874,0.0020006373488847787,1.4,0.0025
pairwise_noise_xyz_level_02_06_rot_05,2.0644614696502686,0.0038077658739145907,1.4,0.0050     
pairwise_noise_xyz_level_02_06_rot_05,2.2406837940216064,0.007295681630964096,1.4,0.0100      
pairwise_noise_xyz_level_02_06_rot_05,2.2383952140808105,0.014782228674460107,1.4,0.0250      
pairwise_noise_xyz_level_02_06_rot_05,2.750126838684082,0.0018808682120083858,1.2,0.0025      
pairwise_noise_xyz_level_02_06_rot_05,3.3797829151153564,0.003826345874513104,1.2,0.0050      
pairwise_noise_xyz_level_02_06_rot_05,4.430336952209473,0.007284204178154017,1.2,0.0100       
pairwise_noise_xyz_level_02_06_rot_05,4.336775302886963,0.014561691983117155,1.2,0.0250       
pairwise_noise_xyz_level_02_06_rot_05,4.253156900405884,0.0019382222085412763,1.0,0.0025      
pairwise_noise_xyz_level_02_06_rot_05,4.606297969818115,0.0038304219350877703,1.0,0.0050      
pairwise_noise_xyz_level_02_06_rot_05,2.225301742553711,0.0072670894104973184,1.0,0.0100      
pairwise_noise_xyz_level_02_06_rot_05,2.037459135055542,0.014531418348210144,1.0,0.0250       
pairwise_noise_xyz_level_02_07_rot_05,2.028818368911743,0.00201841254507514,1.4,0.0025        
pairwise_noise_xyz_level_02_07_rot_05,3.553948163986206,0.003875787235249467,1.4,0.0050       
pairwise_noise_xyz_level_02_07_rot_05,2.329280376434326,0.007209329379502606,1.4,0.0100
pairwise_noise_xyz_level_02_07_rot_05,3.031806230545044,0.01496200306210397,1.4,0.0250
pairwise_noise_xyz_level_02_07_rot_05,2.2738094329833984,0.001982003283560309,1.2,0.0025
pairwise_noise_xyz_level_02_07_rot_05,1.9722750186920166,0.0038732072076520254,1.2,0.0050
pairwise_noise_xyz_level_02_07_rot_05,1.8028254508972168,0.007402281497182773,1.2,0.0100
pairwise_noise_xyz_level_02_07_rot_05,1.8650188446044922,0.015255472600145559,1.2,0.0250
pairwise_noise_xyz_level_02_07_rot_05,2.031822919845581,0.001814705962540269,1.0,0.0025
pairwise_noise_xyz_level_02_07_rot_05,1.9837303161621094,0.0037640987680615193,1.0,0.0050
pairwise_noise_xyz_level_02_07_rot_05,2.101799488067627,0.007307542870393531,1.0,0.0100
pairwise_noise_xyz_level_02_07_rot_05,1.9540996551513672,0.015354070874113309,1.0,0.0250
pairwise_noise_xyz_level_02_08_rot_05,0.9864192008972168,0.0020144437752543853,1.4,0.0025
pairwise_noise_xyz_level_02_08_rot_05,0.992215633392334,0.003859334158262383,1.4,0.0050
pairwise_noise_xyz_level_02_08_rot_05,0.9830889701843262,0.007396969529098464,1.4,0.0100
pairwise_noise_xyz_level_02_08_rot_05,0.9954795837402344,0.014379755837039423,1.4,0.0250
pairwise_noise_xyz_level_02_08_rot_05,1.1911966800689697,0.001981827620577166,1.2,0.0025
pairwise_noise_xyz_level_02_08_rot_05,1.3695638179779053,0.003806114416106258,1.2,0.0050
pairwise_noise_xyz_level_02_08_rot_05,1.0900661945343018,0.007321969046493268,1.2,0.0100
pairwise_noise_xyz_level_02_08_rot_05,1.0670735836029053,0.015301361011312483,1.2,0.0250
pairwise_noise_xyz_level_02_08_rot_05,1.0207161903381348,0.0019725721383859795,1.0,0.0025
pairwise_noise_xyz_level_02_08_rot_05,1.0099997520446777,0.0038565104034387144,1.0,0.0050
pairwise_noise_xyz_level_02_08_rot_05,1.087984323501587,0.007218018544054611,1.0,0.0100
pairwise_noise_xyz_level_02_08_rot_05,1.0433897972106934,0.015163049258744971,1.0,0.0250
pairwise_noise_xyz_level_02_09_rot_05,1.1263647079467773,0.0020018540288488694,1.4,0.0025
pairwise_noise_xyz_level_02_09_rot_05,1.1288843154907227,0.0038267665451039903,1.4,0.0050
pairwise_noise_xyz_level_02_09_rot_05,1.147071123123169,0.007114645936573613,1.4,0.0100
pairwise_noise_xyz_level_02_09_rot_05,1.1816432476043701,0.015705962297849162,1.4,0.0250
pairwise_noise_xyz_level_02_09_rot_05,1.2940435409545898,0.0017366407506742734,1.2,0.0025
pairwise_noise_xyz_level_02_09_rot_05,1.2436389923095703,0.0038936411176946034,1.2,0.0050
pairwise_noise_xyz_level_02_09_rot_05,1.1968915462493896,0.0074168400496913926,1.2,0.0100
pairwise_noise_xyz_level_02_09_rot_05,1.1579997539520264,0.014503324950410113,1.2,0.0250
pairwise_noise_xyz_level_02_09_rot_05,1.1731879711151123,0.001858767596098499,1.0,0.0025
pairwise_noise_xyz_level_02_09_rot_05,1.1857173442840576,0.003885093245809542,1.0,0.0050
pairwise_noise_xyz_level_02_09_rot_05,1.3650500774383545,0.007123943132126765,1.0,0.0100
pairwise_noise_xyz_level_02_09_rot_05,1.5935509204864502,0.015929826689485997,1.0,0.0250
pairwise_noise_xyz_level_02_10_rot_05,2.7432861328125,0.0019310076556154439,1.4,0.0025
pairwise_noise_xyz_level_02_10_rot_05,2.9964492321014404,0.003842610742598789,1.4,0.0050
pairwise_noise_xyz_level_02_10_rot_05,2.299740791320801,0.007277152931611844,1.4,0.0100
pairwise_noise_xyz_level_02_10_rot_05,2.4192745685577393,0.014672444080414196,1.4,0.0250
pairwise_noise_xyz_level_02_10_rot_05,2.300877332687378,0.001854669010660639,1.2,0.0025
pairwise_noise_xyz_level_02_10_rot_05,2.8454043865203857,0.0038421753647138665,1.2,0.0050
pairwise_noise_xyz_level_02_10_rot_05,2.8053393363952637,0.007395786499551345,1.2,0.0100
pairwise_noise_xyz_level_02_10_rot_05,2.884849786758423,0.014203773331239672,1.2,0.0250
pairwise_noise_xyz_level_02_10_rot_05,2.797767162322998,0.0018635818555037017,1.0,0.0025
pairwise_noise_xyz_level_02_10_rot_05,2.51200008392334,0.0038040138656536193,1.0,0.0050
pairwise_noise_xyz_level_02_10_rot_05,2.62802791595459,0.007278281634968004,1.0,0.0100
pairwise_noise_xyz_level_02_10_rot_05,2.8676676750183105,0.01388814743603611,1.0,0.0250
pairwise_noise_xyz_level_02_11_rot_05,1.9680888652801514,0.001711626718390259,1.4,0.0025
pairwise_noise_xyz_level_02_11_rot_05,1.9735307693481445,0.0038371019969810406,1.4,0.0050
pairwise_noise_xyz_level_02_11_rot_05,2.0199391841888428,0.007138044612179753,1.4,0.0100
pairwise_noise_xyz_level_02_11_rot_05,2.1771273612976074,0.015035854716538856,1.4,0.0250
pairwise_noise_xyz_level_02_11_rot_05,2.1148247718811035,0.001927270524550009,1.2,0.0025
pairwise_noise_xyz_level_02_11_rot_05,2.046276569366455,0.0038090241849110403,1.2,0.0050
pairwise_noise_xyz_level_02_11_rot_05,1.969405174255371,0.007161803228864765,1.2,0.0100
pairwise_noise_xyz_level_02_11_rot_05,1.9732372760772705,0.01464830724069352,1.2,0.0250
pairwise_noise_xyz_level_02_11_rot_05,2.557572603225708,0.0018505929967011798,1.0,0.0025
pairwise_noise_xyz_level_02_11_rot_05,2.9596071243286133,0.0038651487226889366,1.0,0.0050
pairwise_noise_xyz_level_02_11_rot_05,2.900782346725464,0.007187378242524127,1.0,0.0100
pairwise_noise_xyz_level_02_11_rot_05,2.7104172706604004,0.014886939082232207,1.0,0.0250
pairwise_noise_xyz_level_02_12_rot_05,3.175128698348999,0.0020022751971358332,1.4,0.0025
pairwise_noise_xyz_level_02_12_rot_05,2.6540615558624268,0.0037677799459436274,1.4,0.0050
pairwise_noise_xyz_level_02_12_rot_05,1.7869997024536133,0.007180883915695381,1.4,0.0100
pairwise_noise_xyz_level_02_12_rot_05,1.7630600929260254,0.014874603285762159,1.4,0.0250
pairwise_noise_xyz_level_02_12_rot_05,1.7391157150268555,0.0019396183495253045,1.2,0.0025
pairwise_noise_xyz_level_02_12_rot_05,1.7979302406311035,0.0039226904071975,1.2,0.0050
pairwise_noise_xyz_level_02_12_rot_05,2.034006357192993,0.007230188385899381,1.2,0.0100
pairwise_noise_xyz_level_02_12_rot_05,2.1093924045562744,0.01400723346741378,1.2,0.0250
pairwise_noise_xyz_level_02_12_rot_05,1.9193415641784668,0.0019404405524564051,1.0,0.0025
pairwise_noise_xyz_level_02_12_rot_05,2.299670696258545,0.003901139858603151,1.0,0.0050
pairwise_noise_xyz_level_02_12_rot_05,2.1959545612335205,0.007204133693281594,1.0,0.0100
pairwise_noise_xyz_level_02_12_rot_05,2.251248836517334,0.014290259896362928,1.0,0.0250
pairwise_noise_xyz_level_02_13_rot_05,2.2646336555480957,0.001935571025670463,1.4,0.0025
pairwise_noise_xyz_level_02_13_rot_05,1.9185209274291992,0.0038410203726458405,1.4,0.0050
pairwise_noise_xyz_level_02_13_rot_05,1.6180522441864014,0.00716026623200356,1.4,0.0100
pairwise_noise_xyz_level_02_13_rot_05,1.60538911819458,0.014784772346447126,1.4,0.0250
pairwise_noise_xyz_level_02_13_rot_05,1.7803654670715332,0.0019326258776826853,1.2,0.0025
pairwise_noise_xyz_level_02_13_rot_05,1.659268856048584,0.003885707830224466,1.2,0.0050
pairwise_noise_xyz_level_02_13_rot_05,2.0253491401672363,0.007197783969554052,1.2,0.0100
pairwise_noise_xyz_level_02_13_rot_05,2.454348087310791,0.014252659543160968,1.2,0.0250
pairwise_noise_xyz_level_02_13_rot_05,1.9783968925476074,0.001919509345783538,1.0,0.0025
pairwise_noise_xyz_level_02_13_rot_05,1.6038658618927002,0.0038487874901485457,1.0,0.0050
pairwise_noise_xyz_level_02_13_rot_05,1.9887006282806396,0.007126618893651115,1.0,0.0100
pairwise_noise_xyz_level_02_13_rot_05,1.8974897861480713,0.014748081014233689,1.0,0.0250
pairwise_noise_xyz_level_02_14_rot_05,1.585216760635376,0.0020135387087338416,1.4,0.0025
pairwise_noise_xyz_level_02_14_rot_05,2.0353901386260986,0.003837420108275069,1.4,0.0050
pairwise_noise_xyz_level_02_14_rot_05,1.6993424892425537,0.007306177213632025,1.4,0.0100
pairwise_noise_xyz_level_02_14_rot_05,1.8006243705749512,0.014216067904379749,1.4,0.0250
pairwise_noise_xyz_level_02_14_rot_05,2.4106059074401855,0.0018049043354141907,1.2,0.0025
pairwise_noise_xyz_level_02_14_rot_05,2.4704909324645996,0.0038680540959875496,1.2,0.0050
pairwise_noise_xyz_level_02_14_rot_05,2.2088165283203125,0.0071425041119123345,1.2,0.0100
pairwise_noise_xyz_level_02_14_rot_05,2.680011034011841,0.014859615545329823,1.2,0.0250
pairwise_noise_xyz_level_02_14_rot_05,2.204299211502075,0.0019232130072045868,1.0,0.0025
pairwise_noise_xyz_level_02_14_rot_05,2.252051830291748,0.0038460950239121087,1.0,0.0050
pairwise_noise_xyz_level_02_14_rot_05,2.283902645111084,0.007259834426665729,1.0,0.0100
pairwise_noise_xyz_level_02_14_rot_05,2.3047239780426025,0.014126813026206908,1.0,0.0250
pairwise_noise_xyz_level_02_15_rot_05,2.7657930850982666,0.0018964220989400806,1.4,0.0025
pairwise_noise_xyz_level_02_15_rot_05,2.703490734100342,0.0038683122111447736,1.4,0.0050
pairwise_noise_xyz_level_02_15_rot_05,2.8689076900482178,0.007256088865136396,1.4,0.0100
pairwise_noise_xyz_level_02_15_rot_05,3.9055562019348145,0.013961129916497086,1.4,0.0250
pairwise_noise_xyz_level_02_15_rot_05,3.704752206802368,0.0019663245926155246,1.2,0.0025
pairwise_noise_xyz_level_02_15_rot_05,3.8980040550231934,0.0038836614046094055,1.2,0.0050
pairwise_noise_xyz_level_02_15_rot_05,3.2163987159729004,0.007211825227043175,1.2,0.0100
pairwise_noise_xyz_level_02_15_rot_05,2.795215606689453,0.013491754545695,1.2,0.0250
pairwise_noise_xyz_level_02_15_rot_05,4.082026243209839,0.0019555289480470326,1.0,0.0025
pairwise_noise_xyz_level_02_15_rot_05,2.8457281589508057,0.0038187692206285077,1.0,0.0050
pairwise_noise_xyz_level_02_15_rot_05,2.142596960067749,0.007198459739513919,1.0,0.0100
pairwise_noise_xyz_level_02_15_rot_05,2.3704442977905273,0.013445845005940326,1.0,0.0250
pairwise_noise_xyz_level_02_16_rot_05,2.414806365966797,0.0019055365557032885,1.4,0.0025
pairwise_noise_xyz_level_02_16_rot_05,2.2837250232696533,0.0038052747455053063,1.4,0.0050
pairwise_noise_xyz_level_02_16_rot_05,3.011887788772583,0.007205750675725047,1.4,0.0100
pairwise_noise_xyz_level_02_16_rot_05,2.5275909900665283,0.012532492697997229,1.4,0.0250
pairwise_noise_xyz_level_02_16_rot_05,2.4830169677734375,0.0019074388870981688,1.2,0.0025
pairwise_noise_xyz_level_02_16_rot_05,1.9814553260803223,0.0038565941705132425,1.2,0.0050
pairwise_noise_xyz_level_02_16_rot_05,2.0329787731170654,0.0072174301831425865,1.2,0.0100
pairwise_noise_xyz_level_02_16_rot_05,2.3753063678741455,0.012305866396945806,1.2,0.0250
pairwise_noise_xyz_level_02_16_rot_05,2.153836250305176,0.0019272207671114374,1.0,0.0025
pairwise_noise_xyz_level_02_16_rot_05,1.9665648937225342,0.0038467353168744997,1.0,0.0050
pairwise_noise_xyz_level_02_16_rot_05,1.9946250915527344,0.00722880196600363,1.0,0.0100
pairwise_noise_xyz_level_02_16_rot_05,2.0056841373443604,0.012357903492284019,1.0,0.0250
pairwise_noise_xyz_level_02_17_rot_05,2.6451361179351807,0.001961292828499943,1.4,0.0025
pairwise_noise_xyz_level_02_17_rot_05,2.676635265350342,0.003840915245284823,1.4,0.0050
pairwise_noise_xyz_level_02_17_rot_05,3.8475465774536133,0.007366228340082953,1.4,0.0100
pairwise_noise_xyz_level_02_17_rot_05,4.406531572341919,0.014876432847880263,1.4,0.0250
pairwise_noise_xyz_level_02_17_rot_05,5.001631021499634,0.0018963577309999897,1.2,0.0025
pairwise_noise_xyz_level_02_17_rot_05,3.689293146133423,0.0038872133356054914,1.2,0.0050
pairwise_noise_xyz_level_02_17_rot_05,4.126981973648071,0.007301200589472605,1.2,0.0100
pairwise_noise_xyz_level_02_17_rot_05,4.280240058898926,0.014880665861894729,1.2,0.0250
pairwise_noise_xyz_level_02_17_rot_05,4.33886194229126,0.0019142916750161736,1.0,0.0025
pairwise_noise_xyz_level_02_17_rot_05,5.40414023399353,0.0038459621911208176,1.0,0.0050
pairwise_noise_xyz_level_02_17_rot_05,3.2443389892578125,0.007416795772228379,1.0,0.0100
pairwise_noise_xyz_level_02_17_rot_05,3.426454782485962,0.015061583413955686,1.0,0.0250
pairwise_noise_xyz_level_02_18_rot_05,2.2391927242279053,0.0020362111662591375,1.4,0.0025
pairwise_noise_xyz_level_02_18_rot_05,2.032752275466919,0.0037965085325181386,1.4,0.0050
pairwise_noise_xyz_level_02_18_rot_05,2.1794047355651855,0.007214942192160128,1.4,0.0100
pairwise_noise_xyz_level_02_18_rot_05,2.3815510272979736,0.014397189397268924,1.4,0.0250
pairwise_noise_xyz_level_02_18_rot_05,1.8839991092681885,0.0020962586907203465,1.2,0.0025
pairwise_noise_xyz_level_02_18_rot_05,1.887230634689331,0.003810525826108801,1.2,0.0050
pairwise_noise_xyz_level_02_18_rot_05,2.2129967212677,0.007337592657122789,1.2,0.0100
pairwise_noise_xyz_level_02_18_rot_05,2.0185670852661133,0.01455914946001789,1.2,0.0250
pairwise_noise_xyz_level_02_18_rot_05,1.8350002765655518,0.0020029370685652904,1.0,0.0025
pairwise_noise_xyz_level_02_18_rot_05,2.3236570358276367,0.003854869277610344,1.0,0.0050
pairwise_noise_xyz_level_02_18_rot_05,2.413193941116333,0.007179445602960703,1.0,0.0100
pairwise_noise_xyz_level_02_18_rot_05,2.2484421730041504,0.014547088911164656,1.0,0.0250
pairwise_noise_xyz_level_02_19_rot_05,3.2492988109588623,0.0019596349104274375,1.4,0.0025
pairwise_noise_xyz_level_02_19_rot_05,3.2610933780670166,0.0038028583115145725,1.4,0.0050
pairwise_noise_xyz_level_02_19_rot_05,2.8100008964538574,0.007276415019011283,1.4,0.0100
pairwise_noise_xyz_level_02_19_rot_05,2.726919174194336,0.01405334530176931,1.4,0.0250
pairwise_noise_xyz_level_02_19_rot_05,2.6830224990844727,0.001892141267441946,1.2,0.0025
pairwise_noise_xyz_level_02_19_rot_05,2.669346570968628,0.0038559461842200267,1.2,0.0050
pairwise_noise_xyz_level_02_19_rot_05,2.696063280105591,0.00729107502781981,1.2,0.0100
pairwise_noise_xyz_level_02_19_rot_05,2.639455556869507,0.014202849264995938,1.2,0.0250
pairwise_noise_xyz_level_02_19_rot_05,2.6660003662109375,0.0019703661891211457,1.0,0.0025
pairwise_noise_xyz_level_02_19_rot_05,2.6227333545684814,0.0038438117002922915,1.0,0.0050
pairwise_noise_xyz_level_02_19_rot_05,2.6703596115112305,0.007358320917447626,1.0,0.0100
pairwise_noise_xyz_level_02_19_rot_05,2.629000425338745,0.01459425417180022,1.0,0.0250
pairwise_noise_xyz_level_02_20_rot_05,3.059379816055298,0.0019374587134495453,1.4,0.0025
pairwise_noise_xyz_level_02_20_rot_05,3.0890121459960938,0.0038624322500949732,1.4,0.0050
pairwise_noise_xyz_level_02_20_rot_05,3.062913656234741,0.007210182769674602,1.4,0.0100
pairwise_noise_xyz_level_02_20_rot_05,3.0319058895111084,0.014483689274272479,1.4,0.0250
pairwise_noise_xyz_level_02_20_rot_05,3.0772688388824463,0.0019674645520593092,1.2,0.0025
pairwise_noise_xyz_level_02_20_rot_05,3.0586209297180176,0.0038218730023318187,1.2,0.0050
pairwise_noise_xyz_level_02_20_rot_05,3.0219545364379883,0.007138049832423351,1.2,0.0100
pairwise_noise_xyz_level_02_20_rot_05,3.098702907562256,0.014220441807696122,1.2,0.0250
pairwise_noise_xyz_level_02_20_rot_05,3.043386459350586,0.001920008136115199,1.0,0.0025
pairwise_noise_xyz_level_02_20_rot_05,3.1278576850891113,0.003854463996238754,1.0,0.0050
pairwise_noise_xyz_level_02_20_rot_05,3.1082417964935303,0.007160476411751252,1.0,0.0100
pairwise_noise_xyz_level_02_20_rot_05,4.411927700042725,0.014159817456958606,1.0,0.0250
pairwise_noise_xyz_level_02_21_rot_05,2.5895557403564453,0.0019779059635128275,1.4,0.0025
pairwise_noise_xyz_level_02_21_rot_05,2.6084110736846924,0.003751002311212494,1.4,0.0050
pairwise_noise_xyz_level_02_21_rot_05,2.935504913330078,0.007074046278791055,1.4,0.0100
pairwise_noise_xyz_level_02_21_rot_05,2.5833520889282227,0.013914712015490957,1.4,0.0250
pairwise_noise_xyz_level_02_21_rot_05,2.568005323410034,0.0019527064397082796,1.2,0.0025
pairwise_noise_xyz_level_02_21_rot_05,2.575629472732544,0.0038160484470416683,1.2,0.0050
pairwise_noise_xyz_level_02_21_rot_05,2.6439685821533203,0.0070050393060364195,1.2,0.0100
pairwise_noise_xyz_level_02_21_rot_05,2.6102843284606934,0.014091143949362396,1.2,0.0250
pairwise_noise_xyz_level_02_21_rot_05,2.5633151531219482,0.002040660180409691,1.0,0.0025
pairwise_noise_xyz_level_02_21_rot_05,2.611081838607788,0.003721536729531949,1.0,0.0050
pairwise_noise_xyz_level_02_21_rot_05,2.5865492820739746,0.007035824197060983,1.0,0.0100
pairwise_noise_xyz_level_02_21_rot_05,2.6157877445220947,0.014676942757370914,1.0,0.0250
pairwise_noise_xyz_level_02_22_rot_05,1.7538468837738037,0.0019914148208457676,1.4,0.0025
pairwise_noise_xyz_level_02_22_rot_05,1.7408461570739746,0.0038869741693834383,1.4,0.0050
pairwise_noise_xyz_level_02_22_rot_05,1.762000322341919,0.007245029035192482,1.4,0.0100
pairwise_noise_xyz_level_02_22_rot_05,1.7429263591766357,0.014661477124130637,1.4,0.0250
pairwise_noise_xyz_level_02_22_rot_05,1.8133227825164795,0.0019362885841380272,1.2,0.0025
pairwise_noise_xyz_level_02_22_rot_05,1.7554998397827148,0.004084645691489768,1.2,0.0050
pairwise_noise_xyz_level_02_22_rot_05,1.76120924949646,0.007323307294682084,1.2,0.0100
pairwise_noise_xyz_level_02_22_rot_05,1.790163516998291,0.01398350134832529,1.2,0.0250
pairwise_noise_xyz_level_02_22_rot_05,1.7520008087158203,0.001956719202949677,1.0,0.0025
pairwise_noise_xyz_level_02_22_rot_05,1.769232988357544,0.0037464042058132562,1.0,0.0050
pairwise_noise_xyz_level_02_22_rot_05,1.766026496887207,0.007188040782481536,1.0,0.0100
pairwise_noise_xyz_level_02_22_rot_05,1.7529995441436768,0.014749467692787718,1.0,0.0250
pairwise_noise_xyz_level_02_23_rot_05,1.4678497314453125,0.0019669327799555552,1.4,0.0025
pairwise_noise_xyz_level_02_23_rot_05,1.4724640846252441,0.0038654756334442937,1.4,0.0050
pairwise_noise_xyz_level_02_23_rot_05,1.4417450428009033,0.0073026182783235425,1.4,0.0100
pairwise_noise_xyz_level_02_23_rot_05,1.4626455307006836,0.014150091587922525,1.4,0.0250
pairwise_noise_xyz_level_02_23_rot_05,1.4650440216064453,0.0019990752781611568,1.2,0.0025
pairwise_noise_xyz_level_02_23_rot_05,1.4660000801086426,0.0038469601382716363,1.2,0.0050
pairwise_noise_xyz_level_02_23_rot_05,1.4868361949920654,0.007273070658850053,1.2,0.0100
pairwise_noise_xyz_level_02_23_rot_05,1.8060228824615479,0.01429889759781965,1.2,0.0250
pairwise_noise_xyz_level_02_23_rot_05,1.775130271911621,0.0017887189204075988,1.0,0.0025
pairwise_noise_xyz_level_02_23_rot_05,2.041184663772583,0.0038374182253815585,1.0,0.0050
pairwise_noise_xyz_level_02_23_rot_05,3.572864055633545,0.007232278775483748,1.0,0.0100
pairwise_noise_xyz_level_02_23_rot_05,5.2786266803741455,0.014390706717861133,1.0,0.0250
pairwise_noise_xyz_level_02_24_rot_05,3.3758203983306885,0.001966279512600747,1.4,0.0025
pairwise_noise_xyz_level_02_24_rot_05,3.301935911178589,0.0038552926521563742,1.4,0.0050
pairwise_noise_xyz_level_02_24_rot_05,3.0172078609466553,0.007234043708142144,1.4,0.0100
pairwise_noise_xyz_level_02_24_rot_05,3.7865612506866455,0.014476752881934181,1.4,0.0250
pairwise_noise_xyz_level_02_24_rot_05,3.4608511924743652,0.0018929641164914953,1.2,0.0025
pairwise_noise_xyz_level_02_24_rot_05,1.2944319248199463,0.0037566445725451397,1.2,0.0050
pairwise_noise_xyz_level_02_24_rot_05,1.093400001525879,0.007193284956797202,1.2,0.0100
pairwise_noise_xyz_level_02_24_rot_05,1.0533602237701416,0.014544859090318317,1.2,0.0250
pairwise_noise_xyz_level_02_24_rot_05,1.2009003162384033,0.0019728782299046734,1.0,0.0025
pairwise_noise_xyz_level_02_24_rot_05,1.2146039009094238,0.0038060594220410662,1.0,0.0050
pairwise_noise_xyz_level_02_24_rot_05,1.1777801513671875,0.007278221642435051,1.0,0.0100
pairwise_noise_xyz_level_02_24_rot_05,1.192009687423706,0.01444258270084401,1.0,0.0250
pairwise_noise_xyz_level_02_25_rot_05,1.7616522312164307,0.001939806593387289,1.4,0.0025
pairwise_noise_xyz_level_02_25_rot_05,1.748683214187622,0.0037736349404141815,1.4,0.0050
pairwise_noise_xyz_level_02_25_rot_05,1.473236083984375,0.007058674127713711,1.4,0.0100
pairwise_noise_xyz_level_02_25_rot_05,1.593630313873291,0.014545422825629942,1.4,0.0250
pairwise_noise_xyz_level_02_25_rot_05,1.6922309398651123,0.0019288383333714938,1.2,0.0025
pairwise_noise_xyz_level_02_25_rot_05,1.6825096607208252,0.0038141970350509,1.2,0.0050
pairwise_noise_xyz_level_02_25_rot_05,1.6931507587432861,0.007180247183646671,1.2,0.0100
pairwise_noise_xyz_level_02_25_rot_05,1.714489459991455,0.01447980389369659,1.2,0.0250
pairwise_noise_xyz_level_02_25_rot_05,1.6858289241790771,0.0020184878663659827,1.0,0.0025
pairwise_noise_xyz_level_02_25_rot_05,1.6871528625488281,0.0038287954366780052,1.0,0.0050
pairwise_noise_xyz_level_02_25_rot_05,1.878173589706421,0.007092417964228385,1.0,0.0100
pairwise_noise_xyz_level_02_25_rot_05,2.3397672176361084,0.014310776687714468,1.0,0.0250
pairwise_no_noise_01_rot_05,0.8579988479614258,0.0018746933599800412,1.4,0.0025
pairwise_no_noise_01_rot_05,0.8830006122589111,0.0036670104330973454,1.4,0.0050
pairwise_no_noise_01_rot_05,0.8509998321533203,0.0044460560073564265,1.4,0.0100
pairwise_no_noise_01_rot_05,0.8509993553161621,0.0062104735134109424,1.4,0.0250
pairwise_no_noise_01_rot_05,0.8210008144378662,0.0019214213075384602,1.2,0.0025
pairwise_no_noise_01_rot_05,0.8419990539550781,0.003622761976155572,1.2,0.0050
pairwise_no_noise_01_rot_05,0.8380022048950195,0.004571979943955231,1.2,0.0100
pairwise_no_noise_01_rot_05,0.828998327255249,0.006281369483451668,1.2,0.0250
pairwise_no_noise_01_rot_05,0.895512580871582,0.0019246813212796471,1.0,0.0025
pairwise_no_noise_01_rot_05,0.929161787033081,0.0035215029989609896,1.0,0.0050
pairwise_no_noise_01_rot_05,1.0367963314056396,0.004702697477737878,1.0,0.0100
pairwise_no_noise_01_rot_05,1.0305418968200684,0.006216301001071669,1.0,0.0250
pairwise_no_noise_02_rot_05,0.71541428565979,0.0019783515840898613,1.4,0.0025
pairwise_no_noise_02_rot_05,1.0810484886169434,0.003770471665123533,1.4,0.0050
pairwise_no_noise_02_rot_05,0.9769530296325684,0.006393939373420823,1.4,0.0100
pairwise_no_noise_02_rot_05,1.2081575393676758,0.014590887902746994,1.4,0.0250
pairwise_no_noise_02_rot_05,0.9584624767303467,0.0019412145646414752,1.2,0.0025
pairwise_no_noise_02_rot_05,1.2761342525482178,0.0038616549752467284,1.2,0.0050
pairwise_no_noise_02_rot_05,1.0295195579528809,0.006368100133119385,1.2,0.0100
pairwise_no_noise_02_rot_05,1.2495858669281006,0.014595784505858583,1.2,0.0250
pairwise_no_noise_02_rot_05,1.0921642780303955,0.0019846280930997926,1.0,0.0025
pairwise_no_noise_02_rot_05,1.0526742935180664,0.0038074852435322896,1.0,0.0050
pairwise_no_noise_02_rot_05,0.9302918910980225,0.006432306342316723,1.0,0.0100
pairwise_no_noise_02_rot_05,0.9522018432617188,0.01441731936561362,1.0,0.0250
pairwise_no_noise_03_rot_05,0.8870487213134766,0.001946140407022879,1.4,0.0025
pairwise_no_noise_03_rot_05,0.9638054370880127,0.003494080894683685,1.4,0.0050
pairwise_no_noise_03_rot_05,0.839463472366333,0.005877760467643504,1.4,0.0100
pairwise_no_noise_03_rot_05,0.843306303024292,0.01111359506991832,1.4,0.0250
pairwise_no_noise_03_rot_05,0.8642973899841309,0.001928537297600163,1.2,0.0025
pairwise_no_noise_03_rot_05,0.718268871307373,0.0035829211350735537,1.2,0.0050
pairwise_no_noise_03_rot_05,0.9981796741485596,0.005840332243815849,1.2,0.0100
pairwise_no_noise_03_rot_05,0.63531494140625,0.011207828422041119,1.2,0.0250
pairwise_no_noise_03_rot_05,0.7358725070953369,0.0019385838616833937,1.0,0.0025
pairwise_no_noise_03_rot_05,1.0014920234680176,0.0035186344970855876,1.0,0.0050
pairwise_no_noise_03_rot_05,0.9107065200805664,0.005911589649169413,1.0,0.0100
pairwise_no_noise_03_rot_05,0.9327285289764404,0.011125341107430364,1.0,0.0250
pairwise_no_noise_04_rot_05,1.3343119621276855,0.0018626832900447542,1.4,0.0025
pairwise_no_noise_04_rot_05,1.3110973834991455,0.003792372572884413,1.4,0.0050
pairwise_no_noise_04_rot_05,1.4624178409576416,0.006565756671822575,1.4,0.0100
pairwise_no_noise_04_rot_05,1.6047790050506592,0.014484444648719248,1.4,0.0250
pairwise_no_noise_04_rot_05,1.5717189311981201,0.0018092090799857114,1.2,0.0025
pairwise_no_noise_04_rot_05,1.623267650604248,0.0038007255071778284,1.2,0.0050
pairwise_no_noise_04_rot_05,1.384911060333252,0.006594673368029644,1.2,0.0100
pairwise_no_noise_04_rot_05,1.4779956340789795,0.01452149564766919,1.2,0.0250
pairwise_no_noise_04_rot_05,1.4068217277526855,0.002038358830055046,1.0,0.0025
pairwise_no_noise_04_rot_05,1.5812628269195557,0.003819859611689633,1.0,0.0050
pairwise_no_noise_04_rot_05,1.4753124713897705,0.006578651754552441,1.0,0.0100
pairwise_no_noise_04_rot_05,1.411724328994751,0.014473590315071236,1.0,0.0250
pairwise_no_noise_05_rot_05,0.8335897922515869,0.0019597908846640203,1.4,0.0025
pairwise_no_noise_05_rot_05,0.693462610244751,0.003718397133351396,1.4,0.0050
pairwise_no_noise_05_rot_05,0.645423173904419,0.005735471909467449,1.4,0.0100
pairwise_no_noise_05_rot_05,0.7652881145477295,0.009094621108196367,1.4,0.0250
pairwise_no_noise_05_rot_05,0.7873890399932861,0.001957711241093192,1.2,0.0025
pairwise_no_noise_05_rot_05,0.649479866027832,0.0036605369374512926,1.2,0.0050
pairwise_no_noise_05_rot_05,0.7085113525390625,0.005416111888754199,1.2,0.0100
pairwise_no_noise_05_rot_05,0.8309884071350098,0.009964878236751488,1.2,0.0250
pairwise_no_noise_05_rot_05,0.8838260173797607,0.001897169044638824,1.0,0.0025
pairwise_no_noise_05_rot_05,0.7849984169006348,0.0036426909417528095,1.0,0.0050
pairwise_no_noise_05_rot_05,0.7764067649841309,0.005492664053199228,1.0,0.0100
pairwise_no_noise_05_rot_05,0.7559630870819092,0.009497094313145842,1.0,0.0250
pairwise_no_noise_06_rot_05,1.1884734630584717,0.001885316934958284,1.4,0.0025
pairwise_no_noise_06_rot_05,1.4747626781463623,0.0035806684916404917,1.4,0.0050
pairwise_no_noise_06_rot_05,1.538386344909668,0.004904105475221076,1.4,0.0100
pairwise_no_noise_06_rot_05,1.4716408252716064,0.007258947320485424,1.4,0.0250
pairwise_no_noise_06_rot_05,1.4774210453033447,0.0019128469899763025,1.2,0.0025
pairwise_no_noise_06_rot_05,1.4748411178588867,0.0036385733618520314,1.2,0.0050
pairwise_no_noise_06_rot_05,1.7315449714660645,0.004826587575618059,1.2,0.0100
pairwise_no_noise_06_rot_05,1.4838104248046875,0.007242070612252927,1.2,0.0250
pairwise_no_noise_06_rot_05,1.4148430824279785,0.0018879711855294828,1.0,0.0025
pairwise_no_noise_06_rot_05,1.7395095825195312,0.003624468261763033,1.0,0.0050
pairwise_no_noise_06_rot_05,1.822451114654541,0.004906348053680179,1.0,0.0100
pairwise_no_noise_06_rot_05,1.884355068206787,0.00726287730621188,1.0,0.0250
pairwise_no_noise_07_rot_05,1.621314287185669,0.0018959015430133432,1.4,0.0025
pairwise_no_noise_07_rot_05,1.5984487533569336,0.0038188883205090515,1.4,0.0050
pairwise_no_noise_07_rot_05,1.7908461093902588,0.006423308362030764,1.4,0.0100
pairwise_no_noise_07_rot_05,1.826610803604126,0.010506572006105414,1.4,0.0250
pairwise_no_noise_07_rot_05,1.610753059387207,0.001964693498488006,1.2,0.0025
pairwise_no_noise_07_rot_05,1.8407487869262695,0.003774476815776651,1.2,0.0050
pairwise_no_noise_07_rot_05,1.9344377517700195,0.006339512527135035,1.2,0.0100
pairwise_no_noise_07_rot_05,1.7525765895843506,0.010930661723615096,1.2,0.0250
pairwise_no_noise_07_rot_05,1.5828123092651367,0.001953675195737283,1.0,0.0025
pairwise_no_noise_07_rot_05,1.6868457794189453,0.0038116158541114686,1.0,0.0050
pairwise_no_noise_07_rot_05,1.7368419170379639,0.006391809704868882,1.0,0.0100
pairwise_no_noise_07_rot_05,1.8384454250335693,0.010270696007328904,1.0,0.0250
pairwise_no_noise_08_rot_05,1.002732753753662,0.0018910098006517777,1.4,0.0025
pairwise_no_noise_08_rot_05,0.7955024242401123,0.0038102036924648154,1.4,0.0050
pairwise_no_noise_08_rot_05,0.9290447235107422,0.006338894800033928,1.4,0.0100
pairwise_no_noise_08_rot_05,0.7931997776031494,0.009907110442755067,1.4,0.0250
pairwise_no_noise_08_rot_05,0.9967799186706543,0.0018932881000528765,1.2,0.0025
pairwise_no_noise_08_rot_05,0.8272693157196045,0.0038192544833079577,1.2,0.0050
pairwise_no_noise_08_rot_05,0.936023473739624,0.0062327339368609845,1.2,0.0100
pairwise_no_noise_08_rot_05,0.7065060138702393,0.01019585627357109,1.2,0.0250
pairwise_no_noise_08_rot_05,0.9068269729614258,0.0019237250849456291,1.0,0.0025
pairwise_no_noise_08_rot_05,0.6884982585906982,0.0038100054488929905,1.0,0.0050
pairwise_no_noise_08_rot_05,0.8772335052490234,0.0065341652327955526,1.0,0.0100
pairwise_no_noise_08_rot_05,0.9515488147735596,0.009716385320263648,1.0,0.0250
pairwise_no_noise_09_rot_05,0.8469088077545166,0.0019306860622833758,1.4,0.0025
pairwise_no_noise_09_rot_05,0.7826306819915771,0.0036377359573221885,1.4,0.0050
pairwise_no_noise_09_rot_05,0.9160168170928955,0.005886800047639196,1.4,0.0100
pairwise_no_noise_09_rot_05,0.6814785003662109,0.00754835579684808,1.4,0.0250
pairwise_no_noise_09_rot_05,0.6274392604827881,0.0019361609730841152,1.2,0.0025
pairwise_no_noise_09_rot_05,0.8984339237213135,0.0035985596449840435,1.2,0.0050
pairwise_no_noise_09_rot_05,0.9420082569122314,0.006272807733364338,1.2,0.0100
pairwise_no_noise_09_rot_05,0.835871696472168,0.008437582574963444,1.2,0.0250
pairwise_no_noise_09_rot_05,0.8736581802368164,0.0018783507041810362,1.0,0.0025
pairwise_no_noise_09_rot_05,0.5969748497009277,0.0036830276822440423,1.0,0.0050
pairwise_no_noise_09_rot_05,0.7976257801055908,0.005600726359503182,1.0,0.0100
pairwise_no_noise_09_rot_05,0.9997284412384033,0.007908974352196575,1.0,0.0250
pairwise_no_noise_10_rot_05,1.7554564476013184,0.0019300507126982101,1.4,0.0025
pairwise_no_noise_10_rot_05,2.3377084732055664,0.0035995571154572486,1.4,0.0050
pairwise_no_noise_10_rot_05,2.284797191619873,0.005085738627835361,1.4,0.0100
pairwise_no_noise_10_rot_05,2.100189208984375,0.006645699240985904,1.4,0.0250
pairwise_no_noise_10_rot_05,1.890920877456665,0.001900147632800066,1.2,0.0025
pairwise_no_noise_10_rot_05,1.809309959411621,0.0036914078702883412,1.2,0.0050
pairwise_no_noise_10_rot_05,1.865973949432373,0.004835662645683622,1.2,0.0100
pairwise_no_noise_10_rot_05,1.8541452884674072,0.006679565360091487,1.2,0.0250
pairwise_no_noise_10_rot_05,1.8040366172790527,0.0019370836778633508,1.0,0.0025
pairwise_no_noise_10_rot_05,2.0863230228424072,0.003780059057389717,1.0,0.0050
pairwise_no_noise_10_rot_05,1.8290741443634033,0.005245406271275578,1.0,0.0100
pairwise_no_noise_10_rot_05,1.761723518371582,0.006658077252639514,1.0,0.0250
pairwise_no_noise_11_rot_05,2.1195309162139893,0.0019558538191727665,1.4,0.0025
pairwise_no_noise_11_rot_05,1.859971284866333,0.0038277789443166956,1.4,0.0050
pairwise_no_noise_11_rot_05,1.9205546379089355,0.006274374303421618,1.4,0.0100
pairwise_no_noise_11_rot_05,1.8672678470611572,0.011927271900878974,1.4,0.0250
pairwise_no_noise_11_rot_05,1.8508591651916504,0.00195436163246653,1.2,0.0025
pairwise_no_noise_11_rot_05,1.8502357006072998,0.003809327967041177,1.2,0.0050
pairwise_no_noise_11_rot_05,1.8974599838256836,0.006530095494609913,1.2,0.0100
pairwise_no_noise_11_rot_05,1.8613989353179932,0.011909345660475837,1.2,0.0250
pairwise_no_noise_11_rot_05,1.8282201290130615,0.001927303430683809,1.0,0.0025
pairwise_no_noise_11_rot_05,1.8211350440979004,0.0038135404882374277,1.0,0.0050
pairwise_no_noise_11_rot_05,2.1341888904571533,0.006476636096648993,1.0,0.0100
pairwise_no_noise_11_rot_05,1.8526570796966553,0.01196776142908268,1.0,0.0250
pairwise_no_noise_12_rot_05,1.9860265254974365,0.0018664511188458016,1.4,0.0025
pairwise_no_noise_12_rot_05,1.8353750705718994,0.0036090253102921497,1.4,0.0050
pairwise_no_noise_12_rot_05,2.0505993366241455,0.005044017415591072,1.4,0.0100
pairwise_no_noise_12_rot_05,1.8630499839782715,0.007342186050642575,1.4,0.0250
pairwise_no_noise_12_rot_05,1.7331204414367676,0.001929410371362599,1.2,0.0025
pairwise_no_noise_12_rot_05,1.6965162754058838,0.003630411891847352,1.2,0.0050
pairwise_no_noise_12_rot_05,1.7780921459197998,0.004975930872995521,1.2,0.0100
pairwise_no_noise_12_rot_05,1.828979730606079,0.007207025650302612,1.2,0.0250
pairwise_no_noise_12_rot_05,1.695061206817627,0.001862764660970239,1.0,0.0025
pairwise_no_noise_12_rot_05,1.7203712463378906,0.0035927392990156627,1.0,0.0050
pairwise_no_noise_12_rot_05,1.7143540382385254,0.004842795958522881,1.0,0.0100
pairwise_no_noise_12_rot_05,1.6638081073760986,0.00721352255312438,1.0,0.0250
pairwise_no_noise_13_rot_05,1.3043417930603027,0.001937648506860986,1.4,0.0025
pairwise_no_noise_13_rot_05,1.4994263648986816,0.0036884758939115655,1.4,0.0050
pairwise_no_noise_13_rot_05,1.3157601356506348,0.005828962281310488,1.4,0.0100
pairwise_no_noise_13_rot_05,1.5172784328460693,0.007664714571944753,1.4,0.0250
pairwise_no_noise_13_rot_05,1.476593255996704,0.0019038327516911024,1.2,0.0025
pairwise_no_noise_13_rot_05,1.465606451034546,0.0037288282591633453,1.2,0.0050
pairwise_no_noise_13_rot_05,1.4013633728027344,0.005810447525406797,1.2,0.0100
pairwise_no_noise_13_rot_05,1.4700186252593994,0.007956053150736829,1.2,0.0250
pairwise_no_noise_13_rot_05,1.598585844039917,0.001946531868641623,1.0,0.0025
pairwise_no_noise_13_rot_05,1.4736557006835938,0.0037001976870641015,1.0,0.0050
pairwise_no_noise_13_rot_05,1.4367704391479492,0.005463166006766316,1.0,0.0100
pairwise_no_noise_13_rot_05,1.4623911380767822,0.007630578344306989,1.0,0.0250
pairwise_no_noise_14_rot_05,1.4907729625701904,0.001939012954718975,1.4,0.0025
pairwise_no_noise_14_rot_05,1.7576367855072021,0.0036994556816969826,1.4,0.0050
pairwise_no_noise_14_rot_05,1.597477912902832,0.005684305473693318,1.4,0.0100
pairwise_no_noise_14_rot_05,1.7476675510406494,0.008152626794686672,1.4,0.0250
pairwise_no_noise_14_rot_05,1.8428869247436523,0.0019378408327258233,1.2,0.0025
pairwise_no_noise_14_rot_05,1.8434922695159912,0.0036850289420550107,1.2,0.0050
pairwise_no_noise_14_rot_05,1.9360158443450928,0.005543344627851506,1.2,0.0100
pairwise_no_noise_14_rot_05,1.6812386512756348,0.00846615721288471,1.2,0.0250
pairwise_no_noise_14_rot_05,1.7355906963348389,0.0019591758963711696,1.0,0.0025
pairwise_no_noise_14_rot_05,1.7017230987548828,0.0037185770625829,1.0,0.0050
pairwise_no_noise_14_rot_05,1.5602660179138184,0.005854666890669639,1.0,0.0100
pairwise_no_noise_14_rot_05,1.5413684844970703,0.007403639749023342,1.0,0.0250
pairwise_no_noise_15_rot_05,1.3923842906951904,0.0018758970725091665,1.4,0.0025
pairwise_no_noise_15_rot_05,1.6430487632751465,0.003682578143497665,1.4,0.0050
pairwise_no_noise_15_rot_05,1.591792106628418,0.0052994086559088344,1.4,0.0100
pairwise_no_noise_15_rot_05,1.5315465927124023,0.006732613910829775,1.4,0.0250
pairwise_no_noise_15_rot_05,1.5295555591583252,0.0018731236130897465,1.2,0.0025
pairwise_no_noise_15_rot_05,1.4981787204742432,0.0036253364233387055,1.2,0.0050
pairwise_no_noise_15_rot_05,1.6269593238830566,0.0049282100812022165,1.2,0.0100
pairwise_no_noise_15_rot_05,1.5152409076690674,0.006419200856024834,1.2,0.0250
pairwise_no_noise_15_rot_05,1.4876863956451416,0.0018664685619123862,1.0,0.0025
pairwise_no_noise_15_rot_05,1.6497554779052734,0.0036184223785793597,1.0,0.0050
pairwise_no_noise_15_rot_05,1.8265085220336914,0.0052312011841352665,1.0,0.0100
pairwise_no_noise_15_rot_05,1.8288240432739258,0.006625865553174174,1.0,0.0250
pairwise_no_noise_16_rot_05,1.8525333404541016,0.0018095305597045058,1.4,0.0025
pairwise_no_noise_16_rot_05,2.244417428970337,0.003429133598872256,1.4,0.0050
pairwise_no_noise_16_rot_05,2.4554803371429443,0.004732410099963929,1.4,0.0100
pairwise_no_noise_16_rot_05,2.648329257965088,0.006559174047693179,1.4,0.0250
pairwise_no_noise_16_rot_05,2.0003020763397217,0.0017836104209029697,1.2,0.0025
pairwise_no_noise_16_rot_05,1.9753789901733398,0.0034338266522191533,1.2,0.0050
pairwise_no_noise_16_rot_05,2.186553716659546,0.004730440301264825,1.2,0.0100
pairwise_no_noise_16_rot_05,2.2438690662384033,0.006574401037877694,1.2,0.0250
pairwise_no_noise_16_rot_05,1.7993314266204834,0.0018197366252668424,1.0,0.0025
pairwise_no_noise_16_rot_05,1.9351022243499756,0.003475264795016874,1.0,0.0050
pairwise_no_noise_16_rot_05,2.2345457077026367,0.004721017955105281,1.0,0.0100
pairwise_no_noise_16_rot_05,2.137446641921997,0.0065948260811292585,1.0,0.0250
pairwise_no_noise_17_rot_05,2.7147929668426514,0.0019514649216396832,1.4,0.0025
pairwise_no_noise_17_rot_05,2.387268304824829,0.0037656997500476828,1.4,0.0050
pairwise_no_noise_17_rot_05,2.8803303241729736,0.005323975244842053,1.4,0.0100
pairwise_no_noise_17_rot_05,2.329861640930176,0.0073479418650823115,1.4,0.0250
pairwise_no_noise_17_rot_05,2.299102306365967,0.0019343281652340512,1.2,0.0025
pairwise_no_noise_17_rot_05,2.3015105724334717,0.003781996013108585,1.2,0.0050
pairwise_no_noise_17_rot_05,2.339831590652466,0.005478771942194779,1.2,0.0100
pairwise_no_noise_17_rot_05,2.502203941345215,0.0074158591114012185,1.2,0.0250
pairwise_no_noise_17_rot_05,2.375926971435547,0.0019258386519075447,1.0,0.0025
pairwise_no_noise_17_rot_05,2.4596641063690186,0.0037825222835638976,1.0,0.0050
pairwise_no_noise_17_rot_05,2.354318141937256,0.005264414870005233,1.0,0.0100
pairwise_no_noise_17_rot_05,2.3188767433166504,0.007518699393121895,1.0,0.0250
pairwise_no_noise_18_rot_05,1.5415327548980713,0.0019679262740280967,1.4,0.0025
pairwise_no_noise_18_rot_05,1.7054853439331055,0.00393490162755952,1.4,0.0050
pairwise_no_noise_18_rot_05,1.5721426010131836,0.006435134039654533,1.4,0.0100
pairwise_no_noise_18_rot_05,1.5383656024932861,0.013802399097524898,1.4,0.0250
pairwise_no_noise_18_rot_05,1.8295490741729736,0.0019563811784019114,1.2,0.0025
pairwise_no_noise_18_rot_05,1.7446115016937256,0.003782974308411342,1.2,0.0050
pairwise_no_noise_18_rot_05,1.5866413116455078,0.006656104603262453,1.2,0.0100
pairwise_no_noise_18_rot_05,1.5376896858215332,0.014451664927584805,1.2,0.0250
pairwise_no_noise_18_rot_05,1.6726016998291016,0.0019369125403502563,1.0,0.0025
pairwise_no_noise_18_rot_05,1.4766850471496582,0.0038170308062721245,1.0,0.0050
pairwise_no_noise_18_rot_05,1.7469911575317383,0.006733465101507085,1.0,0.0100
pairwise_no_noise_18_rot_05,1.6091320514678955,0.014381961193867294,1.0,0.0250
pairwise_no_noise_19_rot_05,1.92329740524292,0.0018808323764137986,1.4,0.0025
pairwise_no_noise_19_rot_05,2.239598035812378,0.0036235136408540353,1.4,0.0050
pairwise_no_noise_19_rot_05,2.3476812839508057,0.004926108622693715,1.4,0.0100
pairwise_no_noise_19_rot_05,2.2942187786102295,0.006722980424571802,1.4,0.0250
pairwise_no_noise_19_rot_05,2.139260768890381,0.001867695974330926,1.2,0.0025
pairwise_no_noise_19_rot_05,2.3565526008605957,0.003615537788824432,1.2,0.0050
pairwise_no_noise_19_rot_05,2.185606002807617,0.004922303290711529,1.2,0.0100
pairwise_no_noise_19_rot_05,2.2283685207366943,0.006699438169548893,1.2,0.0250
pairwise_no_noise_19_rot_05,2.230883836746216,0.0018352193408335573,1.0,0.0025
pairwise_no_noise_19_rot_05,2.2512736320495605,0.003543470708224144,1.0,0.0050
pairwise_no_noise_19_rot_05,2.1574296951293945,0.004870400549442112,1.0,0.0100
pairwise_no_noise_19_rot_05,2.2552883625030518,0.006729968242713921,1.0,0.0250
pairwise_no_noise_20_rot_05,1.4880728721618652,0.00180701880190491,1.4,0.0025
pairwise_no_noise_20_rot_05,1.6572191715240479,0.003416223739997949,1.4,0.0050
pairwise_no_noise_20_rot_05,1.9819262027740479,0.004212733572035392,1.4,0.0100
pairwise_no_noise_20_rot_05,1.8759264945983887,0.004884317634626081,1.4,0.0250
pairwise_no_noise_20_rot_05,1.9195942878723145,0.0017871387175689044,1.2,0.0025
pairwise_no_noise_20_rot_05,1.8761098384857178,0.0034197622919691084,1.2,0.0050
pairwise_no_noise_20_rot_05,1.844313383102417,0.004133528193390281,1.2,0.0100
pairwise_no_noise_20_rot_05,1.7664568424224854,0.0048858956100903,1.2,0.0250
pairwise_no_noise_20_rot_05,2.075214385986328,0.0017989420887322737,1.0,0.0025
pairwise_no_noise_20_rot_05,1.7770659923553467,0.003386185041752365,1.0,0.0050
pairwise_no_noise_20_rot_05,1.8638882637023926,0.004063053086678724,1.0,0.0100
pairwise_no_noise_20_rot_05,1.8173432350158691,0.0049850805983967985,1.0,0.0250
pairwise_no_noise_21_rot_05,1.1860220432281494,0.0019432736471687137,1.4,0.0025
pairwise_no_noise_21_rot_05,1.1466169357299805,0.0037484635063261807,1.4,0.0050
pairwise_no_noise_21_rot_05,1.0882127285003662,0.00601609507639782,1.4,0.0100
pairwise_no_noise_21_rot_05,1.198540449142456,0.011901746326358471,1.4,0.0250
pairwise_no_noise_21_rot_05,1.1519920825958252,0.0019308890866672605,1.2,0.0025
pairwise_no_noise_21_rot_05,1.3548583984375,0.0037285774455588176,1.2,0.0050
pairwise_no_noise_21_rot_05,1.1420981884002686,0.00623066470933314,1.2,0.0100
pairwise_no_noise_21_rot_05,1.1361303329467773,0.01130285142830067,1.2,0.0250
pairwise_no_noise_21_rot_05,1.2439675331115723,0.0019072412014925005,1.0,0.0025
pairwise_no_noise_21_rot_05,1.1867246627807617,0.0037331649200309466,1.0,0.0050
pairwise_no_noise_21_rot_05,1.366908311843872,0.0060207163980761595,1.0,0.0100
pairwise_no_noise_21_rot_05,1.2380037307739258,0.010399534962460419,1.0,0.0250
pairwise_no_noise_22_rot_05,1.132296085357666,0.001976422355829088,1.4,0.0025
pairwise_no_noise_22_rot_05,0.96097731590271,0.0038435537787015923,1.4,0.0050
pairwise_no_noise_22_rot_05,1.0298430919647217,0.006637290917109431,1.4,0.0100
pairwise_no_noise_22_rot_05,0.9378926753997803,0.013034880099782112,1.4,0.0250
pairwise_no_noise_22_rot_05,0.9586851596832275,0.0019156631778263892,1.2,0.0025
pairwise_no_noise_22_rot_05,0.9731824398040771,0.0038123042342060945,1.2,0.0050
pairwise_no_noise_22_rot_05,0.9501304626464844,0.006626992404459006,1.2,0.0100
pairwise_no_noise_22_rot_05,0.931006908416748,0.014177543012564076,1.2,0.0250
pairwise_no_noise_22_rot_05,1.0213749408721924,0.0019859771429689924,1.0,0.0025
pairwise_no_noise_22_rot_05,1.021618127822876,0.003835390079140066,1.0,0.0050
pairwise_no_noise_22_rot_05,0.9943077564239502,0.006575055613320645,1.0,0.0100
pairwise_no_noise_22_rot_05,0.979905366897583,0.01316401319090248,1.0,0.0250
pairwise_no_noise_23_rot_05,0.9828770160675049,0.0019362952053956853,1.4,0.0025
pairwise_no_noise_23_rot_05,0.8693656921386719,0.0037952208322912114,1.4,0.0050
pairwise_no_noise_23_rot_05,0.9766976833343506,0.006277848122622048,1.4,0.0100
pairwise_no_noise_23_rot_05,0.7892589569091797,0.012436679416982713,1.4,0.0250
pairwise_no_noise_23_rot_05,0.9136924743652344,0.0019628362516848907,1.2,0.0025
pairwise_no_noise_23_rot_05,0.884976863861084,0.0037759724511716723,1.2,0.0050
pairwise_no_noise_23_rot_05,0.8058798313140869,0.006346944056205314,1.2,0.0100
pairwise_no_noise_23_rot_05,1.1068048477172852,0.01252263449994332,1.2,0.0250
pairwise_no_noise_23_rot_05,0.846393346786499,0.0019123907952474,1.0,0.0025
pairwise_no_noise_23_rot_05,0.938774585723877,0.003806624405363194,1.0,0.0050
pairwise_no_noise_23_rot_05,0.9108686447143555,0.006270698725391758,1.0,0.0100
pairwise_no_noise_23_rot_05,0.8977854251861572,0.012351922413096211,1.0,0.0250
pairwise_no_noise_24_rot_05,0.9650828838348389,0.0018516891951790057,1.4,0.0025
pairwise_no_noise_24_rot_05,0.9686362743377686,0.0038647934887231917,1.4,0.0050
pairwise_no_noise_24_rot_05,0.8839516639709473,0.00671023539574278,1.4,0.0100
pairwise_no_noise_24_rot_05,0.835634708404541,0.015624823805901028,1.4,0.0250
pairwise_no_noise_24_rot_05,0.9147887229919434,0.002080602570365655,1.2,0.0025
pairwise_no_noise_24_rot_05,0.869375467300415,0.0037736092441450933,1.2,0.0050
pairwise_no_noise_24_rot_05,0.778510332107544,0.006719888811829361,1.2,0.0100
pairwise_no_noise_24_rot_05,0.8254389762878418,0.015559326701541821,1.2,0.0250
pairwise_no_noise_24_rot_05,0.7933895587921143,0.0019931071000780162,1.0,0.0025
pairwise_no_noise_24_rot_05,0.8635940551757812,0.003792048892980207,1.0,0.0050
pairwise_no_noise_24_rot_05,0.7756881713867188,0.006688789099154503,1.0,0.0100
pairwise_no_noise_24_rot_05,0.8055360317230225,0.0159817356811576,1.0,0.0250
pairwise_no_noise_25_rot_05,0.7773239612579346,0.0019803094193308014,1.4,0.0025
pairwise_no_noise_25_rot_05,0.8390998840332031,0.00387708232885119,1.4,0.0050
pairwise_no_noise_25_rot_05,0.8242452144622803,0.006295366688198707,1.4,0.0100
pairwise_no_noise_25_rot_05,0.6807467937469482,0.00828924635805511,1.4,0.0250
pairwise_no_noise_25_rot_05,0.7043275833129883,0.0019365645407917855,1.2,0.0025
pairwise_no_noise_25_rot_05,0.7689242362976074,0.0038221378678170975,1.2,0.0050
pairwise_no_noise_25_rot_05,0.7609696388244629,0.006325629359780325,1.2,0.0100
pairwise_no_noise_25_rot_05,1.0269391536712646,0.009045410967607723,1.2,0.0250
pairwise_no_noise_25_rot_05,0.7256448268890381,0.0019479071750775833,1.0,0.0025
pairwise_no_noise_25_rot_05,0.76171875,0.0038533056777224233,1.0,0.0050
pairwise_no_noise_25_rot_05,0.7529416084289551,0.0062280428023461796,1.0,0.0100
pairwise_no_noise_25_rot_05,0.846184492111206,0.009304432260602104,1.0,0.0250